Time,OnCollider,CollisionCount
0.35,0,0
0.46,0,0
0.57,0,0
0.67,0,0
0.78,0,0
0.89,0,0
0.99,0,0
1.10,0,0
1.20,0,0
1.31,0,0
1.41,0,0
1.51,0,0
1.61,0,0
1.72,0,0
1.82,0,0
1.92,0,0
2.03,0,0
2.14,0,0
2.24,0,0
2.35,0,0
2.45,0,0
2.56,0,0
2.66,0,0
2.76,0,0
2.87,0,0
2.97,0,0
3.08,0,0
3.18,0,0
3.28,0,0
3.39,0,0
3.49,0,0
3.59,0,0
3.69,0,0
3.80,0,0
3.91,0,0
4.01,0,0
4.11,0,0
4.22,0,0
4.32,0,0
4.42,0,0
4.53,0,0
4.63,0,0
4.73,0,0
4.84,0,0
4.94,0,0
5.04,0,0
5.14,0,0
5.25,0,0
5.35,0,0
5.46,0,0
5.56,0,0
5.67,0,0
5.77,0,0
5.87,0,0
5.97,0,0
6.08,0,0
6.18,0,0
6.28,0,0
6.39,0,0
6.49,0,0
6.59,0,0
6.70,0,0
6.80,0,0
6.90,0,0
7.01,0,0
7.11,0,0
7.22,0,0
7.32,0,0
7.43,0,0
7.53,0,0
7.63,0,0
7.74,0,0
7.85,0,0
7.95,0,0
8.05,0,0
8.16,0,0
8.26,0,0
8.36,0,0
8.47,0,0
8.57,0,0
8.68,0,0
8.78,0,0
8.89,0,0
8.99,0,0
9.10,0,0
9.20,0,0
9.30,0,0
9.40,0,0
9.50,0,0
9.60,0,0
9.70,0,0
9.81,0,0
9.92,0,0
10.02,0,0
10.12,0,0
10.23,0,0
10.33,0,0
10.43,0,0
10.54,0,0
10.64,0,0
10.74,0,0
10.84,0,0
10.94,0,0
11.05,0,0
11.15,0,0
11.25,0,0
11.36,0,0
11.46,0,0
11.57,0,0
11.67,0,0
11.78,0,0
11.88,0,0
11.99,0,0
12.09,0,0
12.20,0,0
12.31,0,0
12.41,0,0
12.52,0,0
12.62,0,0
12.72,0,0
12.83,0,0
12.93,0,0
13.03,0,0
13.13,0,0
13.23,0,0
13.35,0,0
13.45,0,0
13.55,0,0
13.65,0,0
13.76,0,0
13.86,0,0
13.96,0,0
14.07,0,0
14.17,0,0
14.27,0,0
14.38,0,0
14.48,0,0
14.58,0,0
14.69,0,0
14.79,0,0
14.90,0,0
15.00,0,0
15.10,0,0
15.20,0,0
15.31,0,0
15.41,0,0
15.52,0,0
15.62,0,0
15.73,0,0
15.83,0,0
15.94,0,0
16.05,0,0
16.16,0,0
16.26,0,0
16.36,0,0
16.47,0,0
16.57,0,0
16.68,0,0
16.78,0,0
16.89,0,0
16.99,0,0
17.10,0,0
17.20,0,0
17.31,0,0
17.41,0,0
17.52,0,0
17.64,0,0
17.74,0,0
17.85,0,0
17.95,0,0
18.06,0,0
18.17,0,0
18.27,0,0
18.38,0,0
18.49,0,0
18.59,0,0
18.70,0,0
18.81,0,0
18.91,0,0
19.03,0,0
19.13,0,0
19.24,0,0
19.35,0,0
19.45,0,0
19.55,0,0
19.66,0,0
19.76,0,0
19.86,0,0
19.97,0,0
20.08,0,0
20.18,0,0
20.29,0,0
20.39,0,0
20.50,0,0
20.61,0,0
20.71,0,0
20.81,0,0
20.91,0,0
21.01,0,0
21.11,0,0
21.21,0,0
21.32,0,0
21.42,0,0
21.52,0,0
21.62,0,0
21.73,0,0
21.83,0,0
21.93,0,0
22.04,0,0
22.14,0,0
22.24,0,0
22.35,0,0
22.45,0,0
22.55,0,0
22.65,0,0
22.76,0,0
22.86,0,0
22.96,0,0
23.06,0,0
23.17,0,0
23.27,0,0
23.38,0,0
23.48,0,0
23.58,0,0
23.69,0,0
23.79,0,0
23.89,0,0
24.00,0,0
24.10,0,0
24.21,0,0
24.31,0,0
24.41,0,0
24.52,0,0
24.62,0,0
24.73,0,0
24.83,0,0
24.94,0,0
25.04,0,0
25.15,0,0
25.25,0,0
25.36,0,0
25.47,0,0
25.57,0,0
25.68,0,0
25.78,0,0
25.89,0,0
25.99,0,0
26.10,0,0
26.21,0,0
26.31,0,0
26.42,0,0
26.52,0,0
26.63,0,0
26.74,0,0
26.85,0,0
26.95,0,0
27.05,0,0
27.16,0,0
27.26,0,0
27.37,0,0
27.48,0,0
27.59,0,0
27.70,0,0
27.81,0,0
27.91,0,0
28.02,0,0
28.13,0,0
28.23,0,0
28.34,0,0
28.44,0,0
28.55,0,0
28.66,0,0
28.77,0,0
28.89,0,0
28.99,0,0
29.09,0,0
29.20,0,0
29.31,0,0
29.42,0,0
29.52,0,0
29.63,0,0
29.74,0,0
29.85,0,0
29.95,0,0
30.05,0,0
30.16,0,0
30.26,0,0
30.36,0,0
30.47,0,0
30.57,0,0
30.68,0,0
30.78,0,0
30.88,0,0
30.98,0,0
31.08,0,0
31.19,0,0
31.29,0,0
31.39,0,0
31.49,0,0
31.60,0,0
31.70,0,0
31.81,0,0
31.91,0,0
32.02,0,0
32.12,0,0
32.22,0,0
32.32,0,0
32.42,0,0
32.52,0,0
32.63,0,0
32.73,0,0
32.83,0,0
32.94,0,0
33.04,0,0
33.14,0,0
33.25,0,0
33.35,0,0
33.45,0,0
33.56,0,0
33.66,0,0
33.76,0,0
33.86,0,0
33.97,0,0
34.07,0,0
34.18,0,0
34.28,0,0
34.39,0,0
34.49,0,0
34.60,0,0
34.70,0,0
34.80,0,0
34.91,0,0
35.01,0,0
35.12,0,0
35.22,0,0
35.33,0,0
35.43,0,0
35.54,0,0
35.64,0,0
35.75,0,0
35.86,0,0
35.97,0,0
36.07,0,0
36.19,0,0
36.29,0,0
36.40,0,0
36.51,0,0
36.61,0,0
36.72,0,0
36.83,0,0
36.94,0,0
37.04,0,0
37.15,0,0
37.26,0,0
37.36,0,0
37.47,0,0
37.58,0,0
37.69,0,0
37.80,0,0
37.91,0,0
38.02,0,0
38.12,0,0
38.23,0,0
38.33,0,0
38.43,0,0
38.54,0,0
38.65,0,0
38.76,0,0
38.86,0,0
38.97,0,0
39.07,0,0
39.17,0,0
39.28,0,0
39.38,0,0
39.49,0,0
39.59,0,0
39.69,0,0
39.80,0,0
39.91,0,0
40.02,0,0
40.12,0,0
40.23,0,0
40.34,0,0
40.44,0,0
40.54,0,0
40.65,0,0
40.75,0,0
40.86,0,0
40.96,0,0
41.07,0,0
41.17,0,0
41.27,0,0
41.38,0,0
41.49,0,0
41.59,0,0
41.70,0,0
41.81,0,0
41.91,0,0
42.01,0,0
42.12,0,0
42.23,0,0
42.33,0,0
42.44,0,0
42.55,0,0
42.66,0,0
42.76,0,0
42.88,0,0
42.99,0,0
43.09,0,0
43.19,0,0
43.29,0,0
43.40,0,0
43.51,0,0
43.62,0,0
43.72,0,0
43.82,0,0
43.93,0,0
44.03,0,0
44.14,0,0
44.25,0,0
44.35,0,0
44.46,0,0
44.56,0,0
44.67,0,0
44.77,0,0
44.87,0,0
44.98,0,0
45.08,0,0
45.18,0,0
45.29,0,0
45.39,0,0
45.49,0,0
45.60,0,0
45.71,0,0
45.83,0,0
45.93,0,0
46.04,0,0
46.14,0,0
46.25,0,0
46.35,0,0
46.46,0,0
46.56,0,0
46.67,0,0
46.77,0,0
46.88,0,0
46.98,0,0
47.09,0,0
47.20,0,0
47.30,0,0
47.41,0,0
47.52,0,0
47.63,0,0
47.74,0,0
47.85,0,0
47.95,0,0
48.05,0,0
48.16,0,0
48.26,0,0
48.36,0,0
48.47,0,0
48.58,0,0
48.68,0,0
48.79,0,0
48.89,0,0
49.00,0,0
49.11,0,0
49.22,0,0
49.33,0,0
49.44,0,0
49.54,0,0
49.65,0,0
49.76,0,0
49.87,0,0
49.98,0,0
50.08,0,0
50.19,0,0
50.30,0,0
50.41,0,0
50.52,0,0
50.62,0,0
