ParticipantID,Block,BlockStartAbs,BlockTimeRel,TrialIndex,Scene,Event,Expectancy,SignalColor,MergeSide,TimeAbs,TrialTimeRel,X,Y,Z,LaneDeviation,SpeedMPH,TrialEnded,TrialEndReason,TrialEndAbs,TrialEndRel,SurveyResponse,SurveyResponseCorrect,SurveyRT,BrakeInput,ThrottleInput,SteeringInput,Car2Marge,Collision,Car2DecelStartAbs,Car2CollisionAbs,TimeToCollision
UNKNOWN,0,3.072,0.029,-1,SubBlock,,,,,3.101,-1,,,,,0,0,,-1,-1,,,-1,50,50,0,0,,,,
UNKNOWN,0,3.072,0.135,-1,SubBlock,,,,,3.207,-1,,,,,0,0,,-1,-1,,,-1,50,50,0,0,,,,
UNKNOWN,0,3.072,0.935,-1,SubBlock,,,,,4.007,-1,,,,,0,0,,-1,-1,,,-1,50,50,0,0,,,,
UNKNOWN,0,3.072,0.971,-1,SubBlock,,,,,4.043,-1,,,,,0,0,,-1,-1,,,-1,50,50,0,0,,,,
UNKNOWN,0,3.072,0.987,-1,SubBlock,,,,,4.06,-1,,,,,0,0,,-1,-1,,,-1,50,50,0,0,,,,
UNKNOWN,0,3.072,1.016,-1,SubBlock,,,,,4.088,-1,,,,,0,0,,-1,-1,,,-1,50,50,0,0,,,,
UNKNOWN,0,3.072,1.034,-1,SubBlock,,,,,4.106,-1,,,,,0,0,,-1,-1,,,-1,50,50,0,0,,,,
UNKNOWN,0,3.072,1.042,-1,SubBlock,,,,,4.114,-1,,,,,0,0,,-1,-1,,,-1,50,50,0,0,,,,
UNKNOWN,0,3.072,1.045,-1,SubBlock,,,,,4.117,-1,,,,,0,0,,-1,-1,,,-1,50,50,0,0,,,,
UNKNOWN,0,3.072,1.048,-1,SubBlock,,,,,4.12,-1,,,,,0,0,,-1,-1,,,-1,50,50,0,0,,,,
UNKNOWN,0,3.072,1.05,-1,SubBlock,,,,,4.122,-1,,,,,0,0,,-1,-1,,,-1,50,50,0,0,,,,
UNKNOWN,0,3.072,1.053,-1,SubBlock,,,,,4.125,-1,,,,,0,0,,-1,-1,,,-1,50,50,0,0,,,,
UNKNOWN,0,3.072,1.055,-1,SubBlock,,,,,4.128,-1,,,,,0,0,,-1,-1,,,-1,50,50,0,0,,,,
UNKNOWN,0,3.072,1.058,-1,SubBlock,,,,,4.131,-1,,,,,0,0,,-1,-1,,,-1,50,50,0,0,,,,
UNKNOWN,0,3.072,1.061,-1,SubBlock,,,,,4.133,-1,,,,,0,0,,-1,-1,,,-1,50,50,0,0,,,,
UNKNOWN,0,3.072,1.063,-1,SubBlock,,,,,4.135,-1,,,,,0,0,,-1,-1,,,-1,50,50,0,0,,,,
UNKNOWN,0,3.072,1.066,-1,SubBlock,,,,,4.138,-1,,,,,0,0,,-1,-1,,,-1,50,50,0,0,,,,
UNKNOWN,0,3.072,1.069,-1,SubBlock,,,,,4.141,-1,,,,,0,0,,-1,-1,,,-1,50,50,0,0,,,,
UNKNOWN,0,3.072,1.071,-1,SubBlock,,,,,4.143,-1,,,,,0,0,,-1,-1,,,-1,50,50,0,0,,,,
UNKNOWN,0,3.072,1.073,-1,SubBlock,,,,,4.146,-1,,,,,0,0,,-1,-1,,,-1,50,50,0,0,,,,
UNKNOWN,0,3.072,1.076,-1,SubBlock,,,,,4.148,-1,,,,,0,0,,-1,-1,,,-1,50,50,0,0,,,,
UNKNOWN,0,3.072,1.084,-1,SubBlock,,,,,4.156,-1,,,,,0,0,,-1,-1,,,-1,50,50,0,0,,,,
UNKNOWN,0,3.072,1.086,-1,SubBlock,,,,,4.158,-1,,,,,0,0,,-1,-1,,,-1,50,50,0,0,,,,
UNKNOWN,0,3.072,1.09,-1,SubBlock,,,,,4.162,-1,,,,,0,0,,-1,-1,,,-1,50,50,0,0,,,,
UNKNOWN,0,3.072,1.093,-1,SubBlock,,,,,4.165,-1,,,,,0,0,,-1,-1,,,-1,50,50,0,0,,,,
UNKNOWN,0,3.072,1.097,-1,SubBlock,,,,,4.169,-1,,,,,0,0,,-1,-1,,,-1,50,50,0,0,,,,
UNKNOWN,0,3.072,1.099,-1,SubBlock,,,,,4.172,-1,,,,,0,0,,-1,-1,,,-1,50,50,0,0,,,,
UNKNOWN,0,3.072,1.103,-1,SubBlock,,,,,4.175,-1,,,,,0,0,,-1,-1,,,-1,50,50,0,0,,,,
UNKNOWN,0,3.072,1.106,-1,SubBlock,,,,,4.178,-1,,,,,0,0,,-1,-1,,,-1,50,50,0,0,,,,
UNKNOWN,0,3.072,1.108,-1,SubBlock,,,,,4.18,-1,,,,,0,0,,-1,-1,,,-1,50,50,0,0,,,,
UNKNOWN,0,3.072,1.11,-1,SubBlock,,,,,4.183,-1,,,,,0,0,,-1,-1,,,-1,50,50,0,0,,,,
UNKNOWN,0,3.072,1.113,-1,SubBlock,,,,,4.185,-1,,,,,0,0,,-1,-1,,,-1,50,50,0,0,,,,
UNKNOWN,0,3.072,1.115,-1,SubBlock,,,,,4.187,-1,,,,,0,0,,-1,-1,,,-1,50,50,0,0,,,,
UNKNOWN,0,3.072,1.117,-1,SubBlock,,,,,4.189,-1,,,,,0,0,,-1,-1,,,-1,50,50,0,0,,,,
UNKNOWN,0,3.072,1.12,-1,SubBlock,,,,,4.192,-1,,,,,0,0,,-1,-1,,,-1,50,50,0,0,,,,
UNKNOWN,0,3.072,1.122,-1,SubBlock,,,,,4.194,-1,,,,,0,0,,-1,-1,,,-1,50,50,0,0,,,,
UNKNOWN,0,3.072,1.125,-1,SubBlock,,,,,4.197,-1,,,,,0,0,,-1,-1,,,-1,50,50,0,0,,,,
UNKNOWN,0,3.072,1.127,-1,SubBlock,,,,,4.2,-1,,,,,0,0,,-1,-1,,,-1,50,50,0,0,,,,
UNKNOWN,0,3.072,1.131,-1,SubBlock,,,,,4.203,-1,,,,,0,0,,-1,-1,,,-1,50,50,0,0,,,,
UNKNOWN,0,3.072,1.133,-1,SubBlock,,,,,4.205,-1,,,,,0,0,,-1,-1,,,-1,50,50,0,0,,,,
UNKNOWN,0,3.072,1.138,-1,SubBlock,,,,,4.21,-1,,,,,0,0,,-1,-1,,,-1,50,50,0,0,,,,
UNKNOWN,0,3.072,1.14,-1,SubBlock,,,,,4.212,-1,,,,,0,0,,-1,-1,,,-1,50,50,0,0,,,,
UNKNOWN,0,3.072,1.228,-1,SubBlock,,,,,4.301,-1,,,,,0,0,,-1,-1,,,-1,50,50,0,0,,,,
UNKNOWN,0,3.072,1.331,-1,SubBlock,,,,,4.403,-1,,,,,0,0,,-1,-1,,,-1,50,50,0,0,,,,
UNKNOWN,0,3.072,1.429,-1,SubBlock,,,,,4.501,-1,,,,,0,0,,-1,-1,,,-1,50,50,0,0,,,,
UNKNOWN,0,3.072,1.531,-1,SubBlock,,,,,4.603,-1,,,,,0,0,,-1,-1,,,-1,50,50,0,0,,,,
UNKNOWN,0,3.072,1.631,-1,SubBlock,,,,,4.703,-1,,,,,0,0,,-1,-1,,,-1,50,50,0,0,,,,
UNKNOWN,0,3.072,1.729,-1,SubBlock,,,,,4.801,-1,,,,,0,0,,-1,-1,,,-1,50,50,0,0,,,,
UNKNOWN,0,3.072,1.83,-1,SubBlock,,,,,4.902,-1,,,,,0,0,,-1,-1,,,-1,50,50,0,0,,,,
UNKNOWN,0,3.072,1.929,-1,SubBlock,,,,,5.001,-1,,,,,0,0,,-1,-1,,,-1,50,50,0,0,,,,
UNKNOWN,0,3.072,2.03,-1,SubBlock,,,,,5.102,-1,,,,,0,0,,-1,-1,,,-1,50,50,0,0,,,,
UNKNOWN,0,3.072,2.13,-1,SubBlock,,,,,5.202,-1,,,,,0,0,,-1,-1,,,-1,50,50,0,0,,,,
UNKNOWN,0,3.072,2.23,-1,SubBlock,,,,,5.302,-1,,,,,0,0,,-1,-1,,,-1,50,50,0,0,,,,
UNKNOWN,0,3.072,2.328,-1,SubBlock,,,,,5.4,-1,,,,,0,0,,-1,-1,,,-1,50,50,0,0,,,,
UNKNOWN,0,3.072,2.429,-1,SubBlock,,,,,5.501,-1,,,,,0,0,,-1,-1,,,-1,50,50,0,0,,,,
UNKNOWN,0,3.072,2.529,-1,SubBlock,,,,,5.601,-1,,,,,0,0,,-1,-1,,,-1,50,50,0,0,,,,
UNKNOWN,0,3.072,2.629,-1,SubBlock,,,,,5.701,-1,,,,,0,0,,-1,-1,,,-1,50,50,0,0,,,,
UNKNOWN,0,3.072,2.732,-1,SubBlock,,,,,5.804,-1,,,,,0,0,,-1,-1,,,-1,50,50,0,0,,,,
UNKNOWN,0,3.072,2.829,-1,SubBlock,,,,,5.901,-1,,,,,0,0,,-1,-1,,,-1,50,50,0,0,,,,
UNKNOWN,0,3.072,2.93,-1,SubBlock,,,,,6.002,-1,,,,,0,0,,-1,-1,,,-1,50,50,0,0,,,,
UNKNOWN,0,3.072,3.03,-1,SubBlock,,,,,6.102,-1,,,,,0,0,,-1,-1,,,-1,50,50,0,0,,,,
UNKNOWN,0,3.072,3.128,-1,SubBlock,,,,,6.2,-1,,,,,0,0,,-1,-1,,,-1,50,50,0,0,,,,
UNKNOWN,0,3.072,3.228,-1,SubBlock,,,,,6.301,-1,,,,,0,0,,-1,-1,,,-1,50,50,0,0,,,,
UNKNOWN,0,3.072,3.329,-1,SubBlock,,,,,6.401,-1,,,,,0,0,,-1,-1,,,-1,50,50,0,0,,,,
UNKNOWN,0,3.072,3.428,-1,SubBlock,,,,,6.501,-1,,,,,0,0,,-1,-1,,,-1,50,50,0,0,,,,
UNKNOWN,0,3.072,3.529,-1,SubBlock,,,,,6.601,-1,,,,,0,0,,-1,-1,,,-1,50,50,0,0,,,,
UNKNOWN,0,3.072,3.63,-1,SubBlock,,,,,6.702,-1,,,,,0,0,,-1,-1,,,-1,50,50,0,0,,,,
UNKNOWN,0,3.072,3.73,-1,SubBlock,,,,,6.802,-1,,,,,0,0,,-1,-1,,,-1,50,50,0,0,,,,
UNKNOWN,0,3.072,3.828,-1,SubBlock,,,,,6.9,-1,,,,,0,0,,-1,-1,,,-1,50,50,0,0,,,,
UNKNOWN,0,3.072,3.974,-1,SubBlock,,,,,7.046,-1,,,,,0,0,,-1,-1,,,-1,50,50,0,0,,,,
UNKNOWN,0,3.072,4.031,-1,SubBlock,,,,,7.103,-1,,,,,0,0,,-1,-1,,,-1,50,50,0,0,,,,
UNKNOWN,0,3.072,4.129,-1,SubBlock,,,,,7.201,-1,,,,,0,0,,-1,-1,,,-1,50,50,0,0,,,,
UNKNOWN,0,3.072,4.23,-1,SubBlock,,,,,7.302,-1,,,,,0,0,,-1,-1,,,-1,50,50,0,0,,,,
UNKNOWN,0,3.072,4.329,-1,SubBlock,,,,,7.401,-1,,,,,0,0,,-1,-1,,,-1,50,50,0,0,,,,
UNKNOWN,0,3.072,4.43,-1,SubBlock,,,,,7.503,-1,,,,,0,0,,-1,-1,,,-1,50,50,0,0,,,,
UNKNOWN,0,3.072,4.532,-1,SubBlock,,,,,7.604,-1,,,,,0,0,,-1,-1,,,-1,50,50,0,0,,,,
UNKNOWN,0,3.072,4.629,-1,SubBlock,,,,,7.701,-1,,,,,0,0,,-1,-1,,,-1,50,50,0,0,,,,
UNKNOWN,0,3.072,4.73,-1,SubBlock,,,,,7.802,-1,,,,,0,0,,-1,-1,,,-1,50,50,0,0,,,,
93,Night,3.072,4.766,-1,SubBlock,,,,,7.838,-1,,,,,0,1,TrialEnd,7.838,-1,,,-1,50,50,0,0,,,,
93,Night,3.072,4.829,-1,SubBlock,,,,,7.901,-1,,,,,0,1,TrialEnd,7.838,-1,,,-1,50,50,0,0,,,,
93,Night,3.072,4.931,-1,SubBlock,,,,,8.003,-1,,,,,0,1,TrialEnd,7.838,-1,,,-1,50,50,0,0,,,,
93,Night,3.072,5.028,-1,SubBlock,,,,,8.1,-1,,,,,0,1,TrialEnd,7.838,-1,,,-1,50,50,0,0,,,,
93,Night,3.072,5.129,-1,SubBlock,,,,,8.201,-1,,,,,0,1,TrialEnd,7.838,-1,,,-1,50,50,0,0,,,,
93,Night,3.072,5.229,-1,SubBlock,,,,,8.301,-1,,,,,0,1,TrialEnd,7.838,-1,,,-1,50,50,0,0,,,,
93,Night,3.072,5.33,-1,SubBlock,,,,,8.402,-1,,,,,0,1,TrialEnd,7.838,-1,,,-1,50,50,0,0,,,,
93,Night,3.072,5.43,-1,SubBlock,,,,,8.502,-1,,,,,0,1,TrialEnd,7.838,-1,,,-1,50,50,0,0,,,,
93,Night,3.072,5.53,-1,SubBlock,,,,,8.602,-1,,,,,0,1,TrialEnd,7.838,-1,,,-1,50,50,0,0,,,,
93,Night,3.072,5.628,-1,SubBlock,,,,,8.7,-1,,,,,0,1,TrialEnd,7.838,-1,,,-1,50,50,0,0,,,,
93,Night,3.072,5.729,-1,SubBlock,,,,,8.801,-1,,,,,0,1,TrialEnd,7.838,-1,,,-1,50,50,0,0,,,,
93,Night,3.072,5.83,-1,SubBlock,,,,,8.902,-1,,,,,0,1,TrialEnd,7.838,-1,,,-1,50,50,0,0,,,,
93,Night,3.072,5.929,-1,SubBlock,,,,,9.001,-1,,,,,0,1,TrialEnd,7.838,-1,,,-1,50,50,0,0,,,,
93,Night,3.072,6.029,-1,SubBlock,,,,,9.101,-1,,,,,0,1,TrialEnd,7.838,-1,,,-1,50,50,0,0,,,,
93,Night,3.072,6.129,-1,SubBlock,,,,,9.201,-1,,,,,0,1,TrialEnd,7.838,-1,,,-1,50,50,0,0,,,,
93,Night,3.072,6.229,-1,SubBlock,,,,,9.302,-1,,,,,0,1,TrialEnd,7.838,-1,,,-1,50,50,0,0,,,,
93,Night,3.072,6.329,-1,SubBlock,,,,,9.402,-1,,,,,0,1,TrialEnd,7.838,-1,,,-1,50,50,0,0,,,,
93,Night,3.072,6.428,-1,SubBlock,,,,,9.5,-1,,,,,0,1,TrialEnd,7.838,-1,,,-1,50,50,0,0,,,,
93,Night,3.072,6.529,-1,SubBlock,,,,,9.601,-1,,,,,0,1,TrialEnd,7.838,-1,,,-1,50,50,0,0,,,,
93,Night,3.072,6.629,-1,SubBlock,,,,,9.701,-1,,,,,0,1,TrialEnd,7.838,-1,,,-1,50,50,0,0,,,,
93,Night,3.072,6.729,-1,SubBlock,,,,,9.801,-1,,,,,0,1,TrialEnd,7.838,-1,,,-1,50,50,0,0,,,,
93,Night,3.072,6.829,-1,SubBlock,,,,,9.901,-1,,,,,0,1,TrialEnd,7.838,-1,,,-1,50,50,0,0,,,,
93,Night,3.072,6.928,-1,SubBlock,,,,,10,-1,,,,,0,1,TrialEnd,7.838,-1,,,-1,50,50,0,0,,,,
93,Night,3.072,7.03,-1,SubBlock,,,,,10.102,-1,,,,,0,1,TrialEnd,7.838,-1,,,-1,50,50,0,0,,,,
93,Night,3.072,7.129,-1,SubBlock,,,,,10.202,-1,,,,,0,1,TrialEnd,7.838,-1,,,-1,50,50,0,0,,,,
93,Night,3.072,7.229,-1,SubBlock,,,,,10.301,-1,,,,,0,1,TrialEnd,7.838,-1,,,-1,50,50,0,0,,,,
93,Night,3.072,7.329,-1,SubBlock,,,,,10.401,-1,,,,,0,1,TrialEnd,7.838,-1,,,-1,50,50,0,0,,,,
93,Night,3.072,7.43,-1,SubBlock,,,,,10.502,-1,,,,,0,1,TrialEnd,7.838,-1,,,-1,50,50,0,0,,,,
93,Night,3.072,7.53,-1,SubBlock,,,,,10.602,-1,,,,,0,1,TrialEnd,7.838,-1,,,-1,50,50,0,0,,,,
93,Night,3.072,7.63,-1,SubBlock,,,,,10.702,-1,,,,,0,1,TrialEnd,7.838,-1,,,-1,50,50,0,0,,,,
93,Night,3.072,7.73,-1,SubBlock,,,,,10.802,-1,,,,,0,1,TrialEnd,7.838,-1,,,-1,50,50,0,0,,,,
93,Night,3.072,7.83,-1,SubBlock,,,,,10.902,-1,,,,,0,1,TrialEnd,7.838,-1,,,-1,50,50,0,0,,,,
93,Night,3.072,7.93,-1,SubBlock,,,,,11.002,-1,,,,,0,1,TrialEnd,7.838,-1,,,-1,50,50,0,0,,,,
93,Night,3.072,8.03,-1,SubBlock,,,,,11.102,-1,,,,,0,1,TrialEnd,7.838,-1,,,-1,50,50,0,0,,,,
93,Night,3.072,8.13,-1,SubBlock,,,,,11.202,-1,,,,,0,1,TrialEnd,7.838,-1,,,-1,50,50,0,0,,,,
93,Night,3.072,8.229,-1,SubBlock,,,,,11.301,-1,,,,,0,1,TrialEnd,7.838,-1,,,-1,50,50,0,0,,,,
93,Night,3.072,8.331,-1,SubBlock,,,,,11.403,-1,,,,,0,1,TrialEnd,7.838,-1,,,-1,50,50,0,0,,,,
93,Night,3.072,8.43,-1,SubBlock,,,,,11.502,-1,,,,,0,1,TrialEnd,7.838,-1,,,-1,50,50,0,0,,,,
93,Night,3.072,8.53,-1,SubBlock,,,,,11.602,-1,,,,,0,1,TrialEnd,7.838,-1,,,-1,50,50,0,0,,,,
93,Night,3.072,8.629,-1,SubBlock,,,,,11.701,-1,,,,,0,1,TrialEnd,7.838,-1,,,-1,50,50,0,0,,,,
93,Night,3.072,8.729,-1,SubBlock,,,,,11.801,-1,,,,,0,1,TrialEnd,7.838,-1,,,-1,50,50,0,0,,,,
93,Night,3.072,8.829,-1,SubBlock,,,,,11.901,-1,,,,,0,1,TrialEnd,7.838,-1,,,-1,50,50,0,0,,,,
93,Night,3.072,8.93,-1,SubBlock,,,,,12.002,-1,,,,,0,1,TrialEnd,7.838,-1,,,-1,50,50,0,0,,,,
93,Night,3.072,9.03,-1,SubBlock,,,,,12.102,-1,,,,,0,1,TrialEnd,7.838,-1,,,-1,50,50,0,0,,,,
93,Night,3.072,9.128,-1,SubBlock,,,,,12.2,-1,,,,,0,1,TrialEnd,7.838,-1,,,-1,50,50,0,0,,,,
93,Night,3.072,9.229,-1,SubBlock,,,,,12.301,-1,,,,,0,1,TrialEnd,7.838,-1,,,-1,50,50,0,0,,,,
93,Night,3.072,9.329,-1,SubBlock,,,,,12.401,-1,,,,,0,1,TrialEnd,7.838,-1,,,-1,50,50,0,0,,,,
93,Night,3.072,9.429,-1,SubBlock,,,,,12.501,-1,,,,,0,1,TrialEnd,7.838,-1,,,-1,50,50,0,0,,,,
93,Night,3.072,9.528,-1,SubBlock,,,,,12.601,-1,,,,,0,1,TrialEnd,7.838,-1,,,-1,50,50,0,0,,,,
93,Night,3.072,9.629,-1,SubBlock,,,,,12.702,-1,,,,,0,1,TrialEnd,7.838,-1,,,-1,50,50,0,0,,,,
93,Night,3.072,9.728,-1,SubBlock,,,,,12.801,-1,,,,,0,1,TrialEnd,7.838,-1,,,-1,50,50,0,0,,,,
93,Night,3.072,9.829,-1,SubBlock,,,,,12.901,-1,,,,,0,1,TrialEnd,7.838,-1,,,-1,50,50,0,0,,,,
93,Night,3.072,9.929,-1,SubBlock,,,,,13.001,-1,,,,,0,1,TrialEnd,7.838,-1,,,-1,50,50,0,0,,,,
93,Night,3.072,10.03,-1,SubBlock,,,,,13.102,-1,,,,,0,1,TrialEnd,7.838,-1,,,-1,50,50,0,0,,,,
93,Night,3.072,10.129,-1,SubBlock,,,,,13.201,-1,,,,,0,1,TrialEnd,7.838,-1,,,-1,50,50,0,0,,,,
93,Night,3.072,10.229,-1,SubBlock,,,,,13.301,-1,,,,,0,1,TrialEnd,7.838,-1,,,-1,50,50,0,0,,,,
93,Night,3.072,10.329,-1,SubBlock,,,,,13.401,-1,,,,,0,1,TrialEnd,7.838,-1,,,-1,50,50,0,0,,,,
93,Night,3.072,10.429,-1,SubBlock,,,,,13.501,-1,,,,,0,1,TrialEnd,7.838,-1,,,-1,50,50,0,0,,,,
93,Night,3.072,10.529,-1,SubBlock,,,,,13.601,-1,,,,,0,1,TrialEnd,7.838,-1,,,-1,50,50,0,0,,,,
93,Night,3.072,10.629,-1,SubBlock,,,,,13.701,-1,,,,,0,1,TrialEnd,7.838,-1,,,-1,50,50,0,0,,,,
93,Night,3.072,10.729,-1,SubBlock,,,,,13.801,-1,,,,,0,1,TrialEnd,7.838,-1,,,-1,50,50,0,0,,,,
93,Night,3.072,10.828,-1,SubBlock,,,,,13.901,-1,,,,,0,1,TrialEnd,7.838,-1,,,-1,50,50,0,0,,,,
93,Night,3.072,10.929,-1,SubBlock,,,,,14.001,-1,,,,,0,1,TrialEnd,7.838,-1,,,-1,50,50,0,0,,,,
93,Night,3.072,11.029,-1,SubBlock,,,,,14.102,-1,,,,,0,1,TrialEnd,7.838,-1,,,-1,50,50,0,0,,,,
93,Night,3.072,11.129,-1,SubBlock,,,,,14.202,-1,,,,,0,1,TrialEnd,7.838,-1,,,-1,50,50,0,0,,,,
93,Night,3.072,11.229,-1,SubBlock,,,,,14.301,-1,,,,,0,1,TrialEnd,7.838,-1,,,-1,50,50,0,0,,,,
93,Night,3.072,11.329,-1,SubBlock,,,,,14.401,-1,,,,,0,1,TrialEnd,7.838,-1,,,-1,50,50,0,0,,,,
93,Night,3.072,11.429,-1,SubBlock,,,,,14.501,-1,,,,,0,1,TrialEnd,7.838,-1,,,-1,50,50,0,0,,,,
93,Night,3.072,11.53,-1,SubBlock,,,,,14.602,-1,,,,,0,1,TrialEnd,7.838,-1,,,-1,50,50,0,0,,,,
93,Night,3.072,11.631,-1,SubBlock,,,,,14.703,-1,,,,,0,1,TrialEnd,7.838,-1,,,-1,50,50,0,0,,,,
93,Night,3.072,11.729,-1,SubBlock,,,,,14.801,-1,,,,,0,1,TrialEnd,7.838,-1,,,-1,50,50,0,0,,,,
93,Night,3.072,11.828,-1,SubBlock,,,,,14.901,-1,,,,,0,1,TrialEnd,7.838,-1,,,-1,50,50,0,0,,,,
93,Night,3.072,11.928,-1,SubBlock,,,,,15,-1,,,,,0,1,TrialEnd,7.838,-1,,,-1,50,50,0,0,,,,
93,Night,3.072,12.03,-1,SubBlock,,,,,15.102,-1,,,,,0,1,TrialEnd,7.838,-1,,,-1,50,50,0,0,,,,
93,Night,3.072,12.128,-1,SubBlock,,,,,15.201,-1,,,,,0,1,TrialEnd,7.838,-1,,,-1,50,50,0,0,,,,
93,Night,3.072,12.229,-1,SubBlock,,,,,15.301,-1,,,,,0,1,TrialEnd,7.838,-1,,,-1,50,50,0,0,,,,
93,Night,3.072,12.328,-1,SubBlock,,,,,15.4,-1,,,,,0,1,TrialEnd,7.838,-1,,,-1,50,50,0,0,,,,
93,Night,3.072,12.43,-1,SubBlock,,,,,15.502,-1,,,,,0,1,TrialEnd,7.838,-1,,,-1,50,50,0,0,,,,
93,Night,3.072,12.53,-1,SubBlock,,,,,15.602,-1,,,,,0,1,TrialEnd,7.838,-1,,,-1,50,50,0,0,,,,
93,Night,3.072,12.63,-1,SubBlock,,,,,15.702,-1,,,,,0,1,TrialEnd,7.838,-1,,,-1,50,50,0,0,,,,
93,Night,3.072,12.729,-1,SubBlock,,,,,15.801,-1,,,,,0,1,TrialEnd,7.838,-1,,,-1,50,50,0,0,,,,
93,Night,3.072,12.829,-1,SubBlock,,,,,15.901,-1,,,,,0,1,TrialEnd,7.838,-1,,,-1,50,50,0,0,,,,
93,Night,3.072,12.928,-1,SubBlock,,,,,16.001,-1,,,,,0,1,TrialEnd,7.838,-1,,,-1,50,50,0,0,,,,
93,Night,3.072,13.028,-1,SubBlock,,,,,16.101,-1,,,,,0,1,TrialEnd,7.838,-1,,,-1,50,50,0,0,,,,
93,Night,3.072,13.13,-1,SubBlock,,,,,16.202,-1,,,,,0,1,TrialEnd,7.838,-1,,,-1,50,50,0,0,,,,
93,Night,3.072,13.229,-1,SubBlock,,,,,16.302,-1,,,,,0,1,TrialEnd,7.838,-1,,,-1,50,50,0,0,,,,
93,Night,3.072,13.328,-1,SubBlock,,,,,16.4,-1,,,,,0,1,TrialEnd,7.838,-1,,,-1,50,50,0,0,,,,
93,Night,3.072,13.428,-1,SubBlock,,,,,16.5,-1,,,,,0,1,TrialEnd,7.838,-1,,,-1,50,50,0,0,,,,
93,Night,3.072,13.529,-1,SubBlock,,,,,16.601,-1,,,,,0,1,TrialEnd,7.838,-1,,,-1,50,50,0,0,,,,
93,Night,3.072,13.629,-1,SubBlock,,,,,16.701,-1,,,,,0,1,TrialEnd,7.838,-1,,,-1,50,50,0,0,,,,
93,Night,3.072,13.729,-1,SubBlock,,,,,16.801,-1,,,,,0,1,TrialEnd,7.838,-1,,,-1,50,50,0,0,,,,
93,Night,3.072,13.829,-1,SubBlock,,,,,16.902,-1,,,,,0,1,TrialEnd,7.838,-1,,,-1,50,50,0,0,,,,
93,Night,3.072,13.929,-1,SubBlock,,,,,17.002,-1,,,,,0,1,TrialEnd,7.838,-1,,,-1,50,50,0,0,,,,
93,Night,3.072,14.029,-1,SubBlock,,,,,17.101,-1,,,,,0,1,TrialEnd,7.838,-1,,,-1,50,50,0,0,,,,
93,Night,3.072,14.13,-1,SubBlock,,,,,17.202,-1,,,,,0,1,TrialEnd,7.838,-1,,,-1,50,50,0,0,,,,
93,Night,3.072,14.229,-1,SubBlock,,,,,17.302,-1,,,,,0,1,TrialEnd,7.838,-1,,,-1,50,50,0,0,,,,
93,Night,3.072,14.329,-1,SubBlock,,,,,17.401,-1,,,,,0,1,TrialEnd,7.838,-1,,,-1,50,50,0,0,,,,
93,Night,3.072,14.429,-1,SubBlock,,,,,17.501,-1,,,,,0,1,TrialEnd,7.838,-1,,,-1,50,50,0,0,,,,
93,Night,3.072,14.53,-1,SubBlock,,,,,17.602,-1,,,,,0,1,TrialEnd,7.838,-1,,,-1,50,50,0,0,,,,
93,Night,3.072,14.63,-1,SubBlock,,,,,17.702,-1,,,,,0,1,TrialEnd,7.838,-1,,,-1,50,50,0,0,,,,
93,Night,3.072,14.73,-1,SubBlock,,,,,17.802,-1,,,,,0,1,TrialEnd,7.838,-1,,,-1,50,50,0,0,,,,
93,Night,3.072,14.829,-1,SubBlock,,,,,17.901,-1,,,,,0,1,TrialEnd,7.838,-1,,,-1,50,50,0,0,,,,
93,Night,3.072,14.93,-1,SubBlock,,,,,18.002,-1,,,,,0,1,TrialEnd,7.838,-1,,,-1,50,50,0,0,,,,
93,Night,3.072,15.03,-1,SubBlock,,,,,18.102,-1,,,,,0,1,TrialEnd,7.838,-1,,,-1,50,50,0,0,,,,
93,Night,3.072,15.129,-1,SubBlock,,,,,18.201,-1,,,,,0,1,TrialEnd,7.838,-1,,,-1,50,50,0,0,,,,
93,Night,3.072,15.228,-1,SubBlock,,,,,18.301,-1,,,,,0,1,TrialEnd,7.838,-1,,,-1,50,50,0,0,,,,
93,Night,3.072,15.329,-1,SubBlock,,,,,18.401,-1,,,,,0,1,TrialEnd,7.838,-1,,,-1,50,50,0,0,,,,
93,Night,3.072,15.429,-1,SubBlock,,,,,18.501,-1,,,,,0,1,TrialEnd,7.838,-1,,,-1,50,50,0,0,,,,
93,Night,3.072,15.528,-1,SubBlock,,,,,18.6,-1,,,,,0,1,TrialEnd,7.838,-1,,,-1,50,50,0,0,,,,
93,Night,3.072,15.63,-1,SubBlock,,,,,18.702,-1,,,,,0,1,TrialEnd,7.838,-1,,,-1,50,50,0,0,,,,
93,Night,3.072,15.729,-1,SubBlock,,,,,18.801,-1,,,,,0,1,TrialEnd,7.838,-1,,,-1,50,50,0,0,,,,
93,Night,3.072,15.829,-1,SubBlock,,,,,18.901,-1,,,,,0,1,TrialEnd,7.838,-1,,,-1,50,50,0,0,,,,
93,Night,3.072,15.93,-1,SubBlock,,,,,19.002,-1,,,,,0,1,TrialEnd,7.838,-1,,,-1,50,50,0,0,,,,
93,Night,3.072,16.029,-1,SubBlock,,,,,19.101,-1,,,,,0,1,TrialEnd,7.838,-1,,,-1,50,50,0,0,,,,
93,Night,3.072,16.13,-1,SubBlock,,,,,19.202,-1,,,,,0,1,TrialEnd,7.838,-1,,,-1,50,50,0,0,,,,
93,Night,3.072,16.23,-1,SubBlock,,,,,19.302,-1,,,,,0,1,TrialEnd,7.838,-1,,,-1,50,50,0,0,,,,
93,Night,3.072,16.329,-1,SubBlock,,,,,19.401,-1,,,,,0,1,TrialEnd,7.838,-1,,,-1,50,50,0,0,,,,
93,Night,3.072,16.429,-1,SubBlock,,,,,19.501,-1,,,,,0,1,TrialEnd,7.838,-1,,,-1,50,50,0,0,,,,
93,Night,3.072,16.53,-1,SubBlock,,,,,19.602,-1,,,,,0,1,TrialEnd,7.838,-1,,,-1,50,50,0,0,,,,
93,Night,3.072,16.628,-1,SubBlock,,,,,19.7,-1,,,,,0,1,TrialEnd,7.838,-1,,,-1,50,50,0,0,,,,
93,Night,3.072,16.729,-1,SubBlock,,,,,19.801,-1,,,,,0,1,TrialEnd,7.838,-1,,,-1,50,50,0,0,,,,
93,Night,3.072,16.829,-1,SubBlock,,,,,19.902,-1,,,,,0,1,TrialEnd,7.838,-1,,,-1,50,50,0,0,,,,
93,Night,3.072,16.929,-1,SubBlock,,,,,20.001,-1,,,,,0,1,TrialEnd,7.838,-1,,,-1,50,50,0,0,,,,
93,Night,3.072,17.029,-1,SubBlock,,,,,20.101,-1,,,,,0,1,TrialEnd,7.838,-1,,,-1,50,50,0,0,,,,
93,Night,3.072,17.13,-1,SubBlock,,,,,20.202,-1,,,,,0,1,TrialEnd,7.838,-1,,,-1,50,50,0,0,,,,
93,Night,3.072,17.228,-1,SubBlock,,,,,20.3,-1,,,,,0,1,TrialEnd,7.838,-1,,,-1,50,50,0,0,,,,
93,Night,3.072,17.33,-1,SubBlock,,,,,20.402,-1,,,,,0,1,TrialEnd,7.838,-1,,,-1,50,50,0,0,,,,
93,Night,3.072,17.429,-1,SubBlock,,,,,20.501,-1,,,,,0,1,TrialEnd,7.838,-1,,,-1,50,50,0,0,,,,
93,Night,3.072,17.53,-1,SubBlock,,,,,20.602,-1,,,,,0,1,TrialEnd,7.838,-1,,,-1,50,50,0,0,,,,
93,Night,3.072,17.629,-1,SubBlock,,,,,20.701,-1,,,,,0,1,TrialEnd,7.838,-1,,,-1,50,50,0,0,,,,
93,Night,3.072,17.729,-1,SubBlock,,,,,20.801,-1,,,,,0,1,TrialEnd,7.838,-1,,,-1,50,50,0,0,,,,
93,Night,3.072,17.829,-1,SubBlock,,,,,20.901,-1,,,,,0,1,TrialEnd,7.838,-1,,,-1,50,50,0,0,,,,
93,Night,21.292,0.059,0,U_Red_L,Practice,Expected,Red,Right,21.351,0,0,0.849,-0.002,,3.354,0,,-1,-1,,,-1,50,50,0,0,0,,,
93,Night,21.292,0.109,0,U_Red_L,Practice,Expected,Red,Right,21.401,0.05,0,0.849,-0.002,,3.354,0,,-1,-1,,,-1,50,50,0,0,0,,,
93,Night,21.292,0.117,0,U_Red_L,Practice,Expected,Red,Right,21.409,0.058,0,0.839,-0.002,,0,0,,-1,-1,,,-1,50,50,0,0,0,,,
93,Night,21.292,0.125,0,U_Red_L,Practice,Expected,Red,Right,21.417,0.067,0,0.843,-0.002,,0.039,0,,-1,-1,,,-1,50,50,0,0,0,,,
93,Night,21.292,0.131,0,U_Red_L,Practice,Expected,Red,Right,21.423,0.073,0,0.843,-0.002,,0.039,0,,-1,-1,,,-1,50,50,0,0,0,,,
93,Night,21.292,0.211,0,U_Red_L,Practice,Expected,Red,Right,21.503,0.153,0,0.848,-0.002,,0.209,0,,-1,-1,,,-1,50,50,0,0,0,,,
93,Night,21.292,0.31,0,U_Red_L,Practice,Expected,Red,Right,21.602,0.252,0,0.858,-0.002,,0.215,0,,-1,-1,,,-1,50,50,0,0,0,,,
93,Night,21.292,0.412,0,U_Red_L,Practice,Expected,Red,Right,21.704,0.353,0,0.866,-0.002,,0.129,0,,-1,-1,,,-1,50,50,0,0,0,,,
93,Night,21.292,0.514,0,U_Red_L,Practice,Expected,Red,Right,21.806,0.455,0,0.87,-0.002,,0.04,0,,-1,-1,,,-1,50,50,0,0,0,,,
93,Night,21.292,0.613,0,U_Red_L,Practice,Expected,Red,Right,21.905,0.554,0,0.871,-0.002,,0.012,0,,-1,-1,,,-1,50,50,0,0,0,,,
93,Night,21.292,0.712,0,U_Red_L,Practice,Expected,Red,Right,22.004,0.653,0,0.87,-0.002,,0.028,0,,-1,-1,,,-1,50,50,0,0,0,,,
93,Night,21.292,0.809,0,U_Red_L,Practice,Expected,Red,Right,22.101,0.751,0,0.868,0,,0.3,0,,-1,-1,,,-1,50,50,0,0,0,,,
93,Night,21.292,0.909,0,U_Red_L,Practice,Expected,Red,Right,22.201,0.85,0,0.868,0.028,,1.016,0,,-1,-1,,,-1,50,50,0,0,0,,,
93,Night,21.292,1.012,0,U_Red_L,Practice,Expected,Red,Right,22.303,0.953,0,0.867,0.088,,1.678,0,,-1,-1,,,-1,50,50,0,0,0,,,
93,Night,21.292,1.109,0,U_Red_L,Practice,Expected,Red,Right,22.401,1.05,0,0.867,0.174,,2.35,0,,-1,-1,,,-1,50,50,0,0,0,,,
93,Night,21.292,1.212,0,U_Red_L,Practice,Expected,Red,Right,22.504,1.153,0,0.867,0.296,,3.022,0,,-1,-1,,,-1,50,50,0,0,0,,,
93,Night,21.292,1.312,0,U_Red_L,Practice,Expected,Red,Right,22.604,1.254,0,0.868,0.447,,3.694,0,,-1,-1,,,-1,50,50,0,0,0,,,
93,Night,21.292,1.414,0,U_Red_L,Practice,Expected,Red,Right,22.706,1.355,0,0.868,0.629,,4.366,0,,-1,-1,,,-1,50,50,0,0,0,,,
93,Night,21.292,1.513,0,U_Red_L,Practice,Expected,Red,Right,22.805,1.455,0,0.868,0.838,,5.038,0,,-1,-1,,,-1,50,50,0,0,0,,,
93,Night,21.292,1.614,0,U_Red_L,Practice,Expected,Red,Right,22.906,1.555,0,0.868,1.08,,5.71,0,,-1,-1,,,-1,50,50,0,0,0,,,
93,Night,21.292,1.711,0,U_Red_L,Practice,Expected,Red,Right,23.003,1.653,0,0.868,1.341,,6.381,0,,-1,-1,,,-1,50,50,0,0,0,,,
93,Night,21.292,1.811,0,U_Red_L,Practice,Expected,Red,Right,23.103,1.753,0,0.868,1.641,,7.053,0,,-1,-1,,,-1,50,50,0,0,0,,,
93,Night,21.292,1.914,0,U_Red_L,Practice,Expected,Red,Right,23.206,1.855,0,0.868,1.981,,7.724,0,,-1,-1,,,-1,50,50,0,0,0,,,
93,Night,21.292,2.013,0,U_Red_L,Practice,Expected,Red,Right,23.305,1.955,0,0.868,2.339,,8.395,0,,-1,-1,,,-1,50,50,0,0,0,,,
93,Night,21.292,2.113,0,U_Red_L,Practice,Expected,Red,Right,23.405,2.055,0,0.868,2.729,,9.066,0,,-1,-1,,,-1,50,50,0,0,0,,,
93,Night,21.292,2.214,0,U_Red_L,Practice,Expected,Red,Right,23.506,2.155,0,0.868,3.15,,9.737,0,,-1,-1,,,-1,50,50,0,0,0,,,
93,Night,21.292,2.31,0,U_Red_L,Practice,Expected,Red,Right,23.602,2.252,0,0.868,3.582,,10.408,0,,-1,-1,,,-1,50,50,0,0,0,,,
93,Night,21.292,2.414,0,U_Red_L,Practice,Expected,Red,Right,23.706,2.355,0,0.868,4.081,,11.078,0,,-1,-1,,,-1,50,50,0,0,0,,,
93,Night,21.292,2.512,0,U_Red_L,Practice,Expected,Red,Right,23.804,2.454,0,0.868,4.583,,11.751,0,,-1,-1,,,-1,50,50,0,0,0,,,
93,Night,21.292,2.611,0,U_Red_L,Practice,Expected,Red,Right,23.903,2.552,0,0.869,5.112,,12.422,0,,-1,-1,,,-1,50,50,0,0,0,,,
93,Night,21.292,2.714,0,U_Red_L,Practice,Expected,Red,Right,24.006,2.655,0.008,0.869,5.701,,13.041,0,,-1,-1,,,-1,50,50,0,0,0,,,
93,Night,21.292,2.815,0,U_Red_L,Practice,Expected,Red,Right,24.107,2.756,0.025,0.868,6.302,,13.705,0,,-1,-1,,,-1,50,50,0,0,0,,,
93,Night,21.292,2.913,0,U_Red_L,Practice,Expected,Red,Right,24.205,2.855,0.034,0.868,6.922,,14.341,0,,-1,-1,,,-1,50,50,0,0,0,,,
93,Night,21.292,3.013,0,U_Red_L,Practice,Expected,Red,Right,24.305,2.955,0.028,0.868,7.576,,14.993,0,,-1,-1,,,-1,50,50,0,0,0,,,
93,Night,21.292,3.116,0,U_Red_L,Practice,Expected,Red,Right,24.408,3.057,0.028,0.868,8.28,,15.662,0,,-1,-1,,,-1,50,50,0,0,0,,,
93,Night,21.292,3.211,0,U_Red_L,Practice,Expected,Red,Right,24.503,3.152,0.03,0.868,8.955,,16.315,0,,-1,-1,,,-1,50,50,0,0,0,,,
93,Night,21.292,3.309,0,U_Red_L,Practice,Expected,Red,Right,24.601,3.25,0.054,0.868,9.682,,16.93,0,,-1,-1,,,-1,50,50,0,0,0,,,
93,Night,21.292,3.412,0,U_Red_L,Practice,Expected,Red,Right,24.704,3.353,0.069,0.868,10.472,,17.523,0,,-1,-1,,,-1,50,50,0,0,0,,,
93,Night,21.292,3.513,0,U_Red_L,Practice,Expected,Red,Right,24.805,3.455,0.058,0.868,11.285,,18.165,0,,-1,-1,,,-1,50,50,0,0,0,,,
93,Night,21.292,3.611,0,U_Red_L,Practice,Expected,Red,Right,24.903,3.552,0.053,0.868,12.088,,18.833,0,,-1,-1,,,-1,50,50,0,0,0,,,
93,Night,21.292,3.71,0,U_Red_L,Practice,Expected,Red,Right,25.002,3.651,0.051,0.868,12.934,,19.485,0,,-1,-1,,,-1,50,50,0,0,0,,,
93,Night,21.292,3.814,0,U_Red_L,Practice,Expected,Red,Right,25.106,3.755,0.021,0.868,13.857,,20.089,0,,-1,-1,,,-1,50,50,0,0,0,,,
93,Night,21.292,3.91,0,U_Red_L,Practice,Expected,Red,Right,25.202,3.852,-0.007,0.868,14.73,,20.695,0,,-1,-1,,,-1,50,50,0,0,0,,,
93,Night,21.292,4.011,0,U_Red_L,Practice,Expected,Red,Right,25.303,3.952,-0.005,0.868,15.675,,21.317,0,,-1,-1,,,-1,50,50,0,0,0,,,
93,Night,21.292,4.11,0,U_Red_L,Practice,Expected,Red,Right,25.402,4.052,-0.014,0.868,16.632,,21.926,0,,-1,-1,,,-1,50,50,0,0,0,,,
93,Night,21.292,4.211,0,U_Red_L,Practice,Expected,Red,Right,25.503,4.153,-0.06,0.868,17.634,,22.532,0,,-1,-1,,,-1,50,50,0,0,0,,,
93,Night,21.292,4.309,0,U_Red_L,Practice,Expected,Red,Right,25.601,4.25,-0.096,0.868,18.629,,23.095,0,,-1,-1,,,-1,50,50,0,0,0,,,
93,Night,21.292,4.414,0,U_Red_L,Practice,Expected,Red,Right,25.706,4.356,-0.125,0.868,19.733,,23.675,0,,-1,-1,,,-1,50,50,0,0,0,,,
93,Night,21.292,4.511,0,U_Red_L,Practice,Expected,Red,Right,25.803,4.452,-0.174,0.868,20.761,,24.262,0,,-1,-1,,,-1,50,50,0,0,0,,,
93,Night,21.292,4.611,0,U_Red_L,Practice,Expected,Red,Right,25.903,4.552,-0.209,0.868,21.862,,24.844,0,,-1,-1,,,-1,50,50,0,0,0,,,
93,Night,21.292,4.713,0,U_Red_L,Practice,Expected,Red,Right,26.005,4.654,-0.26,0.868,23.006,,25.41,0,,-1,-1,,,-1,50,50,0,0,0,,,
93,Night,21.292,4.81,0,U_Red_L,Practice,Expected,Red,Right,26.102,4.751,-0.292,0.868,24.118,,25.993,0,,-1,-1,,,-1,50,50,0,0,0,,,
93,Night,21.292,4.912,0,U_Red_L,Practice,Expected,Red,Right,26.204,4.853,-0.336,0.868,25.315,,26.58,0,,-1,-1,,,-1,50,50,0,0,0,,,
93,Night,21.292,5.011,0,U_Red_L,Practice,Expected,Red,Right,26.303,4.952,-0.367,0.868,26.505,,27.156,0,,-1,-1,,,-1,50,50,0,0,0,,,
93,Night,21.292,5.111,0,U_Red_L,Practice,Expected,Red,Right,26.403,5.052,-0.38,0.868,27.729,,27.726,0,,-1,-1,,,-1,50,50,0,0,0,,,
93,Night,21.292,5.209,0,U_Red_L,Practice,Expected,Red,Right,26.501,5.15,-0.413,0.868,28.946,,27.889,0,,-1,-1,,,-1,50,50,0,0,0,,,
93,Night,21.292,5.31,0,U_Red_L,Practice,Expected,Red,Right,26.602,5.252,-0.445,0.868,30.211,,27.869,0,,-1,-1,,,-1,50,50,0,0,0,,,
