ParticipantID,Block,BlockStartAbs,BlockTimeRel,TrialIndex,Scene,Event,Expectancy,SignalColor,MergeSide,TimeAbs,TrialTimeRel,X,Y,Z,LaneDeviation,SpeedMPH,TrialEnded,TrialEndReason,TrialEndAbs,TrialEndRel,SurveyResponse,SurveyRT
UNKNOWN,0,3.049,0.032,-1,SubBlock,Practice,Expected,Red,Left,3.081,-1,,,,,0,0,,-1,-1,,-1
UNKNOWN,0,3.049,0.146,-1,SubBlock,Practice,Expected,Red,Left,3.195,-1,,,,,0,0,,-1,-1,,-1
UNKNOWN,0,3.049,1.027,-1,SubBlock,Practice,Expected,Red,Left,4.076,-1,,,,,0,0,,-1,-1,,-1
UNKNOWN,0,3.049,1.06,-1,SubBlock,Practice,Expected,Red,Left,4.109,-1,,,,,0,0,,-1,-1,,-1
UNKNOWN,0,3.049,1.072,-1,SubBlock,Practice,Expected,Red,Left,4.121,-1,,,,,0,0,,-1,-1,,-1
UNKNOWN,0,3.049,1.116,-1,SubBlock,Practice,Expected,Red,Left,4.165,-1,,,,,0,0,,-1,-1,,-1
UNKNOWN,0,3.049,1.121,-1,SubBlock,Practice,Expected,Red,Left,4.17,-1,,,,,0,0,,-1,-1,,-1
UNKNOWN,0,3.049,1.125,-1,SubBlock,Practice,Expected,Red,Left,4.173,-1,,,,,0,0,,-1,-1,,-1
UNKNOWN,0,3.049,1.135,-1,SubBlock,Practice,Expected,Red,Left,4.183,-1,,,,,0,0,,-1,-1,,-1
UNKNOWN,0,3.049,1.143,-1,SubBlock,Practice,Expected,Red,Left,4.192,-1,,,,,0,0,,-1,-1,,-1
UNKNOWN,0,3.049,1.172,-1,SubBlock,Practice,Expected,Red,Left,4.221,-1,,,,,0,0,,-1,-1,,-1
UNKNOWN,0,3.049,1.176,-1,SubBlock,Practice,Expected,Red,Left,4.225,-1,,,,,0,0,,-1,-1,,-1
UNKNOWN,0,3.049,1.18,-1,SubBlock,Practice,Expected,Red,Left,4.229,-1,,,,,0,0,,-1,-1,,-1
UNKNOWN,0,3.049,1.191,-1,SubBlock,Practice,Expected,Red,Left,4.24,-1,,,,,0,0,,-1,-1,,-1
UNKNOWN,0,3.049,1.199,-1,SubBlock,Practice,Expected,Red,Left,4.248,-1,,,,,0,0,,-1,-1,,-1
UNKNOWN,0,3.049,1.209,-1,SubBlock,Practice,Expected,Red,Left,4.258,-1,,,,,0,0,,-1,-1,,-1
UNKNOWN,0,3.049,1.218,-1,SubBlock,Practice,Expected,Red,Left,4.267,-1,,,,,0,0,,-1,-1,,-1
UNKNOWN,0,3.049,1.226,-1,SubBlock,Practice,Expected,Red,Left,4.274,-1,,,,,0,0,,-1,-1,,-1
UNKNOWN,0,3.049,1.238,-1,SubBlock,Practice,Expected,Red,Left,4.286,-1,,,,,0,0,,-1,-1,,-1
UNKNOWN,0,3.049,1.245,-1,SubBlock,Practice,Expected,Red,Left,4.294,-1,,,,,0,0,,-1,-1,,-1
UNKNOWN,0,3.049,1.254,-1,SubBlock,Practice,Expected,Red,Left,4.303,-1,,,,,0,0,,-1,-1,,-1
UNKNOWN,0,3.049,1.264,-1,SubBlock,Practice,Expected,Red,Left,4.312,-1,,,,,0,0,,-1,-1,,-1
UNKNOWN,0,3.049,1.273,-1,SubBlock,Practice,Expected,Red,Left,4.321,-1,,,,,0,0,,-1,-1,,-1
UNKNOWN,0,3.049,1.282,-1,SubBlock,Practice,Expected,Red,Left,4.33,-1,,,,,0,0,,-1,-1,,-1
UNKNOWN,0,3.049,1.291,-1,SubBlock,Practice,Expected,Red,Left,4.34,-1,,,,,0,0,,-1,-1,,-1
UNKNOWN,0,3.049,1.3,-1,SubBlock,Practice,Expected,Red,Left,4.349,-1,,,,,0,0,,-1,-1,,-1
UNKNOWN,0,3.049,1.309,-1,SubBlock,Practice,Expected,Red,Left,4.358,-1,,,,,0,0,,-1,-1,,-1
UNKNOWN,0,3.049,1.319,-1,SubBlock,Practice,Expected,Red,Left,4.367,-1,,,,,0,0,,-1,-1,,-1
UNKNOWN,0,3.049,1.328,-1,SubBlock,Practice,Expected,Red,Left,4.376,-1,,,,,0,0,,-1,-1,,-1
UNKNOWN,0,3.049,1.337,-1,SubBlock,Practice,Expected,Red,Left,4.386,-1,,,,,0,0,,-1,-1,,-1
UNKNOWN,0,3.049,1.347,-1,SubBlock,Practice,Expected,Red,Left,4.396,-1,,,,,0,0,,-1,-1,,-1
UNKNOWN,0,3.049,1.356,-1,SubBlock,Practice,Expected,Red,Left,4.405,-1,,,,,0,0,,-1,-1,,-1
UNKNOWN,0,3.049,1.366,-1,SubBlock,Practice,Expected,Red,Left,4.414,-1,,,,,0,0,,-1,-1,,-1
UNKNOWN,0,3.049,1.375,-1,SubBlock,Practice,Expected,Red,Left,4.423,-1,,,,,0,0,,-1,-1,,-1
UNKNOWN,0,3.049,1.384,-1,SubBlock,Practice,Expected,Red,Left,4.432,-1,,,,,0,0,,-1,-1,,-1
UNKNOWN,0,3.049,1.393,-1,SubBlock,Practice,Expected,Red,Left,4.441,-1,,,,,0,0,,-1,-1,,-1
UNKNOWN,0,3.049,1.402,-1,SubBlock,Practice,Expected,Red,Left,4.451,-1,,,,,0,0,,-1,-1,,-1
UNKNOWN,0,3.049,1.412,-1,SubBlock,Practice,Expected,Red,Left,4.461,-1,,,,,0,0,,-1,-1,,-1
UNKNOWN,0,3.049,1.423,-1,SubBlock,Practice,Expected,Red,Left,4.472,-1,,,,,0,0,,-1,-1,,-1
UNKNOWN,0,3.049,1.432,-1,SubBlock,Practice,Expected,Red,Left,4.481,-1,,,,,0,0,,-1,-1,,-1
UNKNOWN,0,3.049,1.444,-1,SubBlock,Practice,Expected,Red,Left,4.493,-1,,,,,0,0,,-1,-1,,-1
UNKNOWN,0,3.049,1.455,-1,SubBlock,Practice,Expected,Red,Left,4.504,-1,,,,,0,0,,-1,-1,,-1
UNKNOWN,0,3.049,1.465,-1,SubBlock,Practice,Expected,Red,Left,4.513,-1,,,,,0,0,,-1,-1,,-1
UNKNOWN,0,3.049,1.476,-1,SubBlock,Practice,Expected,Red,Left,4.525,-1,,,,,0,0,,-1,-1,,-1
UNKNOWN,0,3.049,1.483,-1,SubBlock,Practice,Expected,Red,Left,4.532,-1,,,,,0,0,,-1,-1,,-1
UNKNOWN,0,3.049,1.557,-1,SubBlock,Practice,Expected,Red,Left,4.606,-1,,,,,0,0,,-1,-1,,-1
UNKNOWN,0,3.049,1.659,-1,SubBlock,Practice,Expected,Red,Left,4.708,-1,,,,,0,0,,-1,-1,,-1
UNKNOWN,0,3.049,1.753,-1,SubBlock,Practice,Expected,Red,Left,4.801,-1,,,,,0,0,,-1,-1,,-1
UNKNOWN,0,3.049,1.855,-1,SubBlock,Practice,Expected,Red,Left,4.903,-1,,,,,0,0,,-1,-1,,-1
UNKNOWN,0,3.049,1.959,-1,SubBlock,Practice,Expected,Red,Left,5.007,-1,,,,,0,0,,-1,-1,,-1
UNKNOWN,0,3.049,2.06,-1,SubBlock,Practice,Expected,Red,Left,5.108,-1,,,,,0,0,,-1,-1,,-1
UNKNOWN,0,3.049,2.153,-1,SubBlock,Practice,Expected,Red,Left,5.202,-1,,,,,0,0,,-1,-1,,-1
UNKNOWN,0,3.049,2.254,-1,SubBlock,Practice,Expected,Red,Left,5.303,-1,,,,,0,0,,-1,-1,,-1
UNKNOWN,0,3.049,2.355,-1,SubBlock,Practice,Expected,Red,Left,5.403,-1,,,,,0,0,,-1,-1,,-1
UNKNOWN,0,3.049,2.457,-1,SubBlock,Practice,Expected,Red,Left,5.506,-1,,,,,0,0,,-1,-1,,-1
UNKNOWN,0,3.049,2.558,-1,SubBlock,Practice,Expected,Red,Left,5.607,-1,,,,,0,0,,-1,-1,,-1
UNKNOWN,0,3.049,2.661,-1,SubBlock,Practice,Expected,Red,Left,5.709,-1,,,,,0,0,,-1,-1,,-1
UNKNOWN,0,3.049,2.754,-1,SubBlock,Practice,Expected,Red,Left,5.802,-1,,,,,0,0,,-1,-1,,-1
UNKNOWN,0,3.049,2.854,-1,SubBlock,Practice,Expected,Red,Left,5.903,-1,,,,,0,0,,-1,-1,,-1
UNKNOWN,0,3.049,2.959,-1,SubBlock,Practice,Expected,Red,Left,6.008,-1,,,,,0,0,,-1,-1,,-1
UNKNOWN,0,3.049,3.053,-1,SubBlock,Practice,Expected,Red,Left,6.101,-1,,,,,0,0,,-1,-1,,-1
UNKNOWN,0,3.049,3.154,-1,SubBlock,Practice,Expected,Red,Left,6.203,-1,,,,,0,0,,-1,-1,,-1
UNKNOWN,0,3.049,3.256,-1,SubBlock,Practice,Expected,Red,Left,6.305,-1,,,,,0,0,,-1,-1,,-1
UNKNOWN,0,3.049,3.358,-1,SubBlock,Practice,Expected,Red,Left,6.407,-1,,,,,0,0,,-1,-1,,-1
UNKNOWN,0,3.049,3.46,-1,SubBlock,Practice,Expected,Red,Left,6.509,-1,,,,,0,0,,-1,-1,,-1
UNKNOWN,0,3.049,3.552,-1,SubBlock,Practice,Expected,Red,Left,6.601,-1,,,,,0,0,,-1,-1,,-1
UNKNOWN,0,3.049,3.654,-1,SubBlock,Practice,Expected,Red,Left,6.703,-1,,,,,0,0,,-1,-1,,-1
UNKNOWN,0,3.049,3.757,-1,SubBlock,Practice,Expected,Red,Left,6.806,-1,,,,,0,0,,-1,-1,,-1
UNKNOWN,0,3.049,3.859,-1,SubBlock,Practice,Expected,Red,Left,6.908,-1,,,,,0,0,,-1,-1,,-1
UNKNOWN,0,3.049,3.956,-1,SubBlock,Practice,Expected,Red,Left,7.005,-1,,,,,0,0,,-1,-1,,-1
UNKNOWN,0,3.049,4.054,-1,SubBlock,Practice,Expected,Red,Left,7.103,-1,,,,,0,0,,-1,-1,,-1
UNKNOWN,0,3.049,4.157,-1,SubBlock,Practice,Expected,Red,Left,7.206,-1,,,,,0,0,,-1,-1,,-1
UNKNOWN,0,3.049,4.258,-1,SubBlock,Practice,Expected,Red,Left,7.306,-1,,,,,0,0,,-1,-1,,-1
UNKNOWN,0,3.049,4.353,-1,SubBlock,Practice,Expected,Red,Left,7.401,-1,,,,,0,0,,-1,-1,,-1
UNKNOWN,0,3.049,4.459,-1,SubBlock,Practice,Expected,Red,Left,7.508,-1,,,,,0,0,,-1,-1,,-1
UNKNOWN,0,3.049,4.556,-1,SubBlock,Practice,Expected,Red,Left,7.605,-1,,,,,0,0,,-1,-1,,-1
UNKNOWN,0,3.049,4.654,-1,SubBlock,Practice,Expected,Red,Left,7.702,-1,,,,,0,0,,-1,-1,,-1
UNKNOWN,0,3.049,4.76,-1,SubBlock,Practice,Expected,Red,Left,7.809,-1,,,,,0,0,,-1,-1,,-1
UNKNOWN,0,3.049,4.857,-1,SubBlock,Practice,Expected,Red,Left,7.906,-1,,,,,0,0,,-1,-1,,-1
UNKNOWN,0,3.049,4.955,-1,SubBlock,Practice,Expected,Red,Left,8.004,-1,,,,,0,0,,-1,-1,,-1
UNKNOWN,0,3.049,5.053,-1,SubBlock,Practice,Expected,Red,Left,8.101,-1,,,,,0,0,,-1,-1,,-1
UNKNOWN,0,3.049,5.153,-1,SubBlock,Practice,Expected,Red,Left,8.202,-1,,,,,0,0,,-1,-1,,-1
UNKNOWN,0,3.049,5.255,-1,SubBlock,Practice,Expected,Red,Left,8.303,-1,,,,,0,0,,-1,-1,,-1
UNKNOWN,0,3.049,5.354,-1,SubBlock,Practice,Expected,Red,Left,8.403,-1,,,,,0,0,,-1,-1,,-1
UNKNOWN,0,3.049,5.453,-1,SubBlock,Practice,Expected,Red,Left,8.502,-1,,,,,0,0,,-1,-1,,-1
UNKNOWN,0,3.049,5.555,-1,SubBlock,Practice,Expected,Red,Left,8.604,-1,,,,,0,0,,-1,-1,,-1
UNKNOWN,0,3.049,5.652,-1,SubBlock,Practice,Expected,Red,Left,8.7,-1,,,,,0,0,,-1,-1,,-1
UNKNOWN,0,3.049,5.756,-1,SubBlock,Practice,Expected,Red,Left,8.805,-1,,,,,0,0,,-1,-1,,-1
UNKNOWN,0,3.049,5.853,-1,SubBlock,Practice,Expected,Red,Left,8.902,-1,,,,,0,0,,-1,-1,,-1
UNKNOWN,0,3.049,5.953,-1,SubBlock,Practice,Expected,Red,Left,9.001,-1,,,,,0,0,,-1,-1,,-1
UNKNOWN,0,3.049,6.055,-1,SubBlock,Practice,Expected,Red,Left,9.104,-1,,,,,0,0,,-1,-1,,-1
UNKNOWN,0,3.049,6.152,-1,SubBlock,Practice,Expected,Red,Left,9.201,-1,,,,,0,0,,-1,-1,,-1
UNKNOWN,0,3.049,6.254,-1,SubBlock,Practice,Expected,Red,Left,9.302,-1,,,,,0,0,,-1,-1,,-1
UNKNOWN,0,3.049,6.353,-1,SubBlock,Practice,Expected,Red,Left,9.402,-1,,,,,0,0,,-1,-1,,-1
UNKNOWN,0,3.049,6.458,-1,SubBlock,Practice,Expected,Red,Left,9.506,-1,,,,,0,0,,-1,-1,,-1
UNKNOWN,0,3.049,6.553,-1,SubBlock,Practice,Expected,Red,Left,9.602,-1,,,,,0,0,,-1,-1,,-1
UNKNOWN,0,3.049,6.659,-1,SubBlock,Practice,Expected,Red,Left,9.707,-1,,,,,0,0,,-1,-1,,-1
UNKNOWN,0,3.049,6.752,-1,SubBlock,Practice,Expected,Red,Left,9.801,-1,,,,,0,0,,-1,-1,,-1
UNKNOWN,0,3.049,6.855,-1,SubBlock,Practice,Expected,Red,Left,9.903,-1,,,,,0,0,,-1,-1,,-1
UNKNOWN,0,3.049,6.953,-1,SubBlock,Practice,Expected,Red,Left,10.002,-1,,,,,0,0,,-1,-1,,-1
UNKNOWN,0,3.049,7.053,-1,SubBlock,Practice,Expected,Red,Left,10.101,-1,,,,,0,0,,-1,-1,,-1
UNKNOWN,0,3.049,7.156,-1,SubBlock,Practice,Expected,Red,Left,10.205,-1,,,,,0,0,,-1,-1,,-1
UNKNOWN,0,3.049,7.253,-1,SubBlock,Practice,Expected,Red,Left,10.302,-1,,,,,0,0,,-1,-1,,-1
UNKNOWN,0,3.049,7.354,-1,SubBlock,Practice,Expected,Red,Left,10.403,-1,,,,,0,0,,-1,-1,,-1
UNKNOWN,0,3.049,7.454,-1,SubBlock,Practice,Expected,Red,Left,10.503,-1,,,,,0,0,,-1,-1,,-1
UNKNOWN,0,3.049,7.553,-1,SubBlock,Practice,Expected,Red,Left,10.601,-1,,,,,0,0,,-1,-1,,-1
UNKNOWN,0,3.049,7.655,-1,SubBlock,Practice,Expected,Red,Left,10.704,-1,,,,,0,0,,-1,-1,,-1
UNKNOWN,0,3.049,7.752,-1,SubBlock,Practice,Expected,Red,Left,10.801,-1,,,,,0,0,,-1,-1,,-1
UNKNOWN,0,3.049,7.853,-1,SubBlock,Practice,Expected,Red,Left,10.902,-1,,,,,0,0,,-1,-1,,-1
UNKNOWN,0,3.049,7.956,-1,SubBlock,Practice,Expected,Red,Left,11.005,-1,,,,,0,0,,-1,-1,,-1
UNKNOWN,0,3.049,8.056,-1,SubBlock,Practice,Expected,Red,Left,11.105,-1,,,,,0,0,,-1,-1,,-1
UNKNOWN,0,3.049,8.153,-1,SubBlock,Practice,Expected,Red,Left,11.202,-1,,,,,0,0,,-1,-1,,-1
UNKNOWN,0,3.049,8.253,-1,SubBlock,Practice,Expected,Red,Left,11.302,-1,,,,,0,0,,-1,-1,,-1
UNKNOWN,0,3.049,8.353,-1,SubBlock,Practice,Expected,Red,Left,11.402,-1,,,,,0,0,,-1,-1,,-1
UNKNOWN,0,3.049,8.455,-1,SubBlock,Practice,Expected,Red,Left,11.504,-1,,,,,0,0,,-1,-1,,-1
UNKNOWN,0,3.049,8.562,-1,SubBlock,Practice,Expected,Red,Left,11.611,-1,,,,,0,0,,-1,-1,,-1
UNKNOWN,0,3.049,8.652,-1,SubBlock,Practice,Expected,Red,Left,11.701,-1,,,,,0,0,,-1,-1,,-1
UNKNOWN,0,3.049,8.757,-1,SubBlock,Practice,Expected,Red,Left,11.805,-1,,,,,0,0,,-1,-1,,-1
UNKNOWN,0,3.049,8.852,-1,SubBlock,Practice,Expected,Red,Left,11.9,-1,,,,,0,0,,-1,-1,,-1
UNKNOWN,0,3.049,8.952,-1,SubBlock,Practice,Expected,Red,Left,12.001,-1,,,,,0,0,,-1,-1,,-1
UNKNOWN,0,3.049,9.052,-1,SubBlock,Practice,Expected,Red,Left,12.101,-1,,,,,0,0,,-1,-1,,-1
UNKNOWN,0,3.049,9.154,-1,SubBlock,Practice,Expected,Red,Left,12.203,-1,,,,,0,0,,-1,-1,,-1
UNKNOWN,0,3.049,9.255,-1,SubBlock,Practice,Expected,Red,Left,12.303,-1,,,,,0,0,,-1,-1,,-1
UNKNOWN,0,3.049,9.354,-1,SubBlock,Practice,Expected,Red,Left,12.403,-1,,,,,0,0,,-1,-1,,-1
UNKNOWN,0,3.049,9.453,-1,SubBlock,Practice,Expected,Red,Left,12.502,-1,,,,,0,0,,-1,-1,,-1
UNKNOWN,0,3.049,9.552,-1,SubBlock,Practice,Expected,Red,Left,12.601,-1,,,,,0,0,,-1,-1,,-1
UNKNOWN,0,3.049,9.655,-1,SubBlock,Practice,Expected,Red,Left,12.704,-1,,,,,0,0,,-1,-1,,-1
UNKNOWN,0,3.049,9.753,-1,SubBlock,Practice,Expected,Red,Left,12.802,-1,,,,,0,0,,-1,-1,,-1
UNKNOWN,0,3.049,9.856,-1,SubBlock,Practice,Expected,Red,Left,12.905,-1,,,,,0,0,,-1,-1,,-1
UNKNOWN,0,3.049,9.953,-1,SubBlock,Practice,Expected,Red,Left,13.002,-1,,,,,0,0,,-1,-1,,-1
UNKNOWN,0,3.049,10.054,-1,SubBlock,Practice,Expected,Red,Left,13.102,-1,,,,,0,0,,-1,-1,,-1
UNKNOWN,0,3.049,10.156,-1,SubBlock,Practice,Expected,Red,Left,13.205,-1,,,,,0,0,,-1,-1,,-1
UNKNOWN,0,3.049,10.255,-1,SubBlock,Practice,Expected,Red,Left,13.304,-1,,,,,0,0,,-1,-1,,-1
UNKNOWN,0,3.049,10.355,-1,SubBlock,Practice,Expected,Red,Left,13.404,-1,,,,,0,0,,-1,-1,,-1
UNKNOWN,0,3.049,10.452,-1,SubBlock,Practice,Expected,Red,Left,13.501,-1,,,,,0,0,,-1,-1,,-1
UNKNOWN,0,3.049,10.554,-1,SubBlock,Practice,Expected,Red,Left,13.603,-1,,,,,0,0,,-1,-1,,-1
UNKNOWN,0,3.049,10.654,-1,SubBlock,Practice,Expected,Red,Left,13.703,-1,,,,,0,0,,-1,-1,,-1
UNKNOWN,0,3.049,10.753,-1,SubBlock,Practice,Expected,Red,Left,13.802,-1,,,,,0,0,,-1,-1,,-1
UNKNOWN,0,3.049,10.856,-1,SubBlock,Practice,Expected,Red,Left,13.905,-1,,,,,0,0,,-1,-1,,-1
UNKNOWN,0,3.049,10.953,-1,SubBlock,Practice,Expected,Red,Left,14.002,-1,,,,,0,0,,-1,-1,,-1
UNKNOWN,0,3.049,11.056,-1,SubBlock,Practice,Expected,Red,Left,14.104,-1,,,,,0,0,,-1,-1,,-1
UNKNOWN,0,3.049,11.155,-1,SubBlock,Practice,Expected,Red,Left,14.204,-1,,,,,0,0,,-1,-1,,-1
UNKNOWN,0,3.049,11.253,-1,SubBlock,Practice,Expected,Red,Left,14.301,-1,,,,,0,0,,-1,-1,,-1
UNKNOWN,0,3.049,11.352,-1,SubBlock,Practice,Expected,Red,Left,14.4,-1,,,,,0,0,,-1,-1,,-1
UNKNOWN,0,3.049,11.456,-1,SubBlock,Practice,Expected,Red,Left,14.505,-1,,,,,0,0,,-1,-1,,-1
UNKNOWN,0,3.049,11.552,-1,SubBlock,Practice,Expected,Red,Left,14.601,-1,,,,,0,0,,-1,-1,,-1
UNKNOWN,0,3.049,11.653,-1,SubBlock,Practice,Expected,Red,Left,14.702,-1,,,,,0,0,,-1,-1,,-1
UNKNOWN,0,3.049,11.754,-1,SubBlock,Practice,Expected,Red,Left,14.803,-1,,,,,0,0,,-1,-1,,-1
UNKNOWN,0,3.049,11.853,-1,SubBlock,Practice,Expected,Red,Left,14.901,-1,,,,,0,0,,-1,-1,,-1
UNKNOWN,0,3.049,11.958,-1,SubBlock,Practice,Expected,Red,Left,15.007,-1,,,,,0,0,,-1,-1,,-1
999,Day,15.348,0.05,0,U_Red_L,Practice,Expected,Red,Right,15.397,0.344,0,0.888,-0.002,,4.389,0,,-1,-1,,-1
999,Day,15.348,0.115,0,U_Red_L,Practice,Expected,Red,Right,15.463,0.41,0,0.888,-0.002,,4.389,0,,-1,-1,,-1
999,Day,15.348,0.186,0,U_Red_L,Practice,Expected,Red,Right,15.534,0.48,0,0.854,-0.002,,3.354,0,,-1,-1,,-1
999,Day,15.348,0.196,0,U_Red_L,Practice,Expected,Red,Right,15.544,0.491,0,0.834,-0.002,,3.354,0,,-1,-1,,-1
999,Day,15.348,0.208,0,U_Red_L,Practice,Expected,Red,Right,15.556,0.503,0,0.84,-0.002,,0,0,,-1,-1,,-1
999,Day,15.348,0.262,0,U_Red_L,Practice,Expected,Red,Right,15.61,0.557,0,0.845,-0.002,,0.131,0,,-1,-1,,-1
999,Day,15.348,0.364,0,U_Red_L,Practice,Expected,Red,Right,15.712,0.659,0,0.854,-0.002,,0.23,0,,-1,-1,,-1
999,Day,15.348,0.459,0,U_Red_L,Practice,Expected,Red,Right,15.807,0.753,0,0.863,-0.002,,0.177,0,,-1,-1,,-1
999,Day,15.348,0.564,0,U_Red_L,Practice,Expected,Red,Right,15.912,0.859,0,0.869,-0.002,,0.067,0,,-1,-1,,-1
999,Day,15.348,0.656,0,U_Red_L,Practice,Expected,Red,Right,16.004,0.951,0,0.871,-0.002,,0.009,0,,-1,-1,,-1
999,Day,15.348,0.761,0,U_Red_L,Practice,Expected,Red,Right,16.109,1.056,0,0.87,-0.002,,0.024,0,,-1,-1,,-1
999,Day,15.348,0.858,0,U_Red_L,Practice,Expected,Red,Right,16.206,1.152,0,0.869,-0.002,,0.027,0,,-1,-1,,-1
999,Day,15.348,0.961,0,U_Red_L,Practice,Expected,Red,Right,16.309,1.256,0,0.868,0.014,,0.668,0,,-1,-1,,-1
999,Day,15.348,1.068,0,U_Red_L,Practice,Expected,Red,Right,16.415,1.362,0,0.867,0.064,,1.455,0,,-1,-1,,-1
999,Day,15.348,1.162,0,U_Red_L,Practice,Expected,Red,Right,16.51,1.457,0,0.867,0.138,,2.014,0,,-1,-1,,-1
999,Day,15.348,1.268,0,U_Red_L,Practice,Expected,Red,Right,16.616,1.563,0,0.867,0.253,,2.798,0,,-1,-1,,-1
999,Day,15.348,1.364,0,U_Red_L,Practice,Expected,Red,Right,16.712,1.659,0,0.868,0.384,,3.358,0,,-1,-1,,-1
999,Day,15.348,1.469,0,U_Red_L,Practice,Expected,Red,Right,16.817,1.764,0,0.868,0.562,,4.142,0,,-1,-1,,-1
999,Day,15.348,1.574,0,U_Red_L,Practice,Expected,Red,Right,16.922,1.869,0,0.868,0.769,,4.814,0,,-1,-1,,-1
999,Day,15.348,1.662,0,U_Red_L,Practice,Expected,Red,Right,17.01,1.957,0,0.868,0.975,,5.374,0,,-1,-1,,-1
999,Day,15.348,1.764,0,U_Red_L,Practice,Expected,Red,Right,17.112,2.059,0,0.868,1.238,,6.158,0,,-1,-1,,-1
999,Day,15.348,1.868,0,U_Red_L,Practice,Expected,Red,Right,17.216,2.163,0,0.868,1.537,,6.829,0,,-1,-1,,-1
999,Day,15.348,1.96,0,U_Red_L,Practice,Expected,Red,Right,17.308,2.254,0,0.868,1.828,,7.389,0,,-1,-1,,-1
999,Day,15.348,2.063,0,U_Red_L,Practice,Expected,Red,Right,17.41,2.357,0,0.868,2.187,,8.06,0,,-1,-1,,-1
999,Day,15.348,2.16,0,U_Red_L,Practice,Expected,Red,Right,17.508,2.455,0,0.868,2.554,,8.731,0,,-1,-1,,-1
999,Day,15.348,2.258,0,U_Red_L,Practice,Expected,Red,Right,17.606,2.553,0,0.868,2.952,,9.402,0,,-1,-1,,-1
999,Day,15.348,2.358,0,U_Red_L,Practice,Expected,Red,Right,17.706,2.653,0,0.868,3.387,,10.072,0,,-1,-1,,-1
999,Day,15.348,2.454,0,U_Red_L,Practice,Expected,Red,Right,17.802,2.748,0,0.868,3.832,,10.743,0,,-1,-1,,-1
999,Day,15.348,2.566,0,U_Red_L,Practice,Expected,Red,Right,17.914,2.86,0,0.868,4.388,,11.528,0,,-1,-1,,-1
999,Day,15.348,2.66,0,U_Red_L,Practice,Expected,Red,Right,18.008,2.955,0,0.869,4.886,,12.086,0,,-1,-1,,-1
999,Day,15.348,2.758,0,U_Red_L,Practice,Expected,Red,Right,18.106,3.053,-0.001,0.869,5.428,,12.757,0,,-1,-1,,-1
999,Day,15.348,2.854,0,U_Red_L,Practice,Expected,Red,Right,18.202,3.149,-0.001,0.868,5.993,,13.427,0,,-1,-1,,-1
999,Day,15.348,2.962,0,U_Red_L,Practice,Expected,Red,Right,18.31,3.257,-0.001,0.868,6.663,,14.097,0,,-1,-1,,-1
999,Day,15.348,3.06,0,U_Red_L,Practice,Expected,Red,Right,18.407,3.354,-0.001,0.868,7.29,,14.766,0,,-1,-1,,-1
999,Day,15.348,3.156,0,U_Red_L,Practice,Expected,Red,Right,18.504,3.451,-0.001,0.868,7.938,,15.436,0,,-1,-1,,-1
999,Day,15.348,3.265,0,U_Red_L,Practice,Expected,Red,Right,18.613,3.56,-0.001,0.868,8.713,,16.216,0,,-1,-1,,-1
999,Day,15.348,3.359,0,U_Red_L,Practice,Expected,Red,Right,18.707,3.654,-0.001,0.868,9.405,,16.774,0,,-1,-1,,-1
999,Day,15.348,3.457,0,U_Red_L,Practice,Expected,Red,Right,18.805,3.752,-0.001,0.868,10.159,,17.443,0,,-1,-1,,-1
999,Day,15.348,3.559,0,U_Red_L,Practice,Expected,Red,Right,18.907,3.854,-0.002,0.868,10.972,,18.112,0,,-1,-1,,-1
999,Day,15.348,3.658,0,U_Red_L,Practice,Expected,Red,Right,19.006,3.952,-0.002,0.868,11.782,,18.78,0,,-1,-1,,-1
999,Day,15.348,3.766,0,U_Red_L,Practice,Expected,Red,Right,19.114,4.061,-0.002,0.868,12.711,,19.56,0,,-1,-1,,-1
999,Day,15.348,3.862,0,U_Red_L,Practice,Expected,Red,Right,19.21,4.157,-0.002,0.868,13.57,,20.117,0,,-1,-1,,-1
999,Day,15.348,3.959,0,U_Red_L,Practice,Expected,Red,Right,19.307,4.254,-0.003,0.868,14.448,,20.785,0,,-1,-1,,-1
999,Day,15.348,4.057,0,U_Red_L,Practice,Expected,Red,Right,19.405,4.352,-0.003,0.868,15.373,,21.453,0,,-1,-1,,-1
999,Day,15.348,4.17,0,U_Red_L,Practice,Expected,Red,Right,19.518,4.465,-0.003,0.868,16.478,,22.232,0,,-1,-1,,-1
999,Day,15.348,4.256,0,U_Red_L,Practice,Expected,Red,Right,19.604,4.55,-0.004,0.868,17.334,,22.789,0,,-1,-1,,-1
999,Day,15.348,4.363,0,U_Red_L,Practice,Expected,Red,Right,19.711,4.657,-0.004,0.868,18.455,,23.456,0,,-1,-1,,-1
999,Day,15.348,4.46,0,U_Red_L,Practice,Expected,Red,Right,19.808,4.755,-0.004,0.868,19.484,,24.123,0,,-1,-1,,-1
999,Day,15.348,4.556,0,U_Red_L,Practice,Expected,Red,Right,19.904,4.851,-0.005,0.868,20.538,,24.791,0,,-1,-1,,-1
999,Day,15.348,4.665,0,U_Red_L,Practice,Expected,Red,Right,20.013,4.96,-0.005,0.868,21.764,,25.569,0,,-1,-1,,-1
999,Day,15.348,4.768,0,U_Red_L,Practice,Expected,Red,Right,20.115,5.062,-0.006,0.868,22.947,,26.236,0,,-1,-1,,-1
999,Day,15.348,4.861,0,U_Red_L,Practice,Expected,Red,Right,20.209,5.156,-0.006,0.868,24.055,,26.791,0,,-1,-1,,-1
999,Day,15.348,4.958,0,U_Red_L,Practice,Expected,Red,Right,20.306,5.253,-0.007,0.868,25.227,,27.458,0,,-1,-1,,-1
999,Day,15.348,5.069,0,U_Red_L,Practice,Expected,Red,Right,20.417,5.364,-0.007,0.868,26.613,,28.235,0,,-1,-1,,-1
999,Day,15.348,5.165,0,U_Red_L,Practice,Expected,Red,Right,20.513,5.46,-0.008,0.868,27.842,,28.901,0,,-1,-1,,-1
999,Day,15.348,5.259,0,U_Red_L,Practice,Expected,Red,Right,20.607,5.554,-0.009,0.868,29.064,,29.456,0,,-1,-1,,-1
999,Day,15.348,5.355,0,U_Red_L,Practice,Expected,Red,Right,20.703,5.65,-0.009,0.868,30.345,,30.122,0,,-1,-1,,-1
999,Day,15.348,5.467,0,U_Red_L,Practice,Expected,Red,Right,20.815,5.762,-0.01,0.868,31.869,,30.899,0,,-1,-1,,-1
999,Day,15.348,5.561,0,U_Red_L,Practice,Expected,Red,Right,20.909,5.856,-0.011,0.868,33.188,,31.454,0,,-1,-1,,-1
999,Day,15.348,5.663,0,U_Red_L,Practice,Expected,Red,Right,21.01,5.957,-0.012,0.868,34.623,,32.119,0,,-1,-1,,-1
999,Day,15.348,5.761,0,U_Red_L,Practice,Expected,Red,Right,21.108,6.055,-0.013,0.868,36.049,,32.784,0,,-1,-1,,-1
999,Day,15.348,5.861,0,U_Red_L,Practice,Expected,Red,Right,21.208,6.155,-0.014,0.868,37.527,,33.449,0,,-1,-1,,-1
999,Day,15.348,5.96,0,U_Red_L,Practice,Expected,Red,Right,21.308,6.255,-0.015,0.868,39.029,,34.114,0,,-1,-1,,-1
999,Day,15.348,6.054,0,U_Red_L,Practice,Expected,Red,Right,21.402,6.349,-0.016,0.868,40.484,,34.779,0,,-1,-1,,-1
999,Day,15.348,6.167,0,U_Red_L,Practice,Expected,Red,Right,21.515,6.462,-0.017,0.868,42.26,,35.554,0,,-1,-1,,-1
999,Day,15.348,6.263,0,U_Red_L,Practice,Expected,Red,Right,21.611,6.557,-0.018,0.868,43.786,,36.108,0,,-1,-1,,-1
999,Day,15.348,6.36,0,U_Red_L,Practice,Expected,Red,Right,21.708,6.655,-0.02,0.868,45.379,,36.772,0,,-1,-1,,-1
999,Day,15.348,6.459,0,U_Red_L,Practice,Expected,Red,Right,21.807,6.754,-0.021,0.868,47.014,,37.436,0,,-1,-1,,-1
999,Day,15.348,6.553,0,U_Red_L,Practice,Expected,Red,Right,21.901,6.848,-0.022,0.868,48.614,,38.1,0,,-1,-1,,-1
999,Day,15.348,6.664,0,U_Red_L,Practice,Expected,Red,Right,22.012,6.959,-0.024,0.868,50.524,,38.875,0,,-1,-1,,-1
999,Day,15.348,6.76,0,U_Red_L,Practice,Expected,Red,Right,22.108,7.055,-0.025,0.868,52.195,,39.428,0,,-1,-1,,-1
999,Day,15.348,6.858,0,U_Red_L,Practice,Expected,Red,Right,22.206,7.153,-0.027,0.868,53.942,,40.091,0,,-1,-1,,-1
999,Day,15.348,6.959,0,U_Red_L,Practice,Expected,Red,Right,22.307,7.254,-0.029,0.868,55.762,,40.755,0,,-1,-1,,-1
999,Day,15.348,7.055,0,U_Red_L,Practice,Expected,Red,Right,22.403,7.35,-0.03,0.868,57.532,,41.418,0,,-1,-1,,-1
999,Day,15.348,7.165,0,U_Red_L,Practice,Expected,Red,Right,22.513,7.46,-0.032,0.868,59.581,,42.191,0,,-1,-1,,-1
999,Day,15.348,7.26,0,U_Red_L,Practice,Expected,Red,Right,22.608,7.555,-0.034,0.868,61.393,,42.744,0,,-1,-1,,-1
999,Day,15.348,7.359,0,U_Red_L,Practice,Expected,Red,Right,22.707,7.653,-0.036,0.868,63.283,,43.406,0,,-1,-1,,-1
999,Day,15.348,7.455,0,U_Red_L,Practice,Expected,Red,Right,22.803,7.75,-0.038,0.868,65.175,,44.069,0,,-1,-1,,-1
999,Day,15.348,7.565,0,U_Red_L,Practice,Expected,Red,Right,22.912,7.859,-0.041,0.868,67.349,,44.842,0,,-1,-1,,-1
999,Day,15.348,7.661,0,U_Red_L,Practice,Expected,Red,Right,23.009,7.956,-0.043,0.868,69.312,,45.394,0,,-1,-1,,-1
999,Day,15.348,7.76,0,U_Red_L,Practice,Expected,Red,Right,23.108,8.055,-0.045,0.868,71.315,,46.056,0,,-1,-1,,-1
999,Day,15.348,7.861,0,U_Red_L,Practice,Expected,Red,Right,23.208,8.155,-0.048,0.868,73.397,,46.48,0,,-1,-1,,-1
999,Day,15.348,7.959,0,U_Red_L,Practice,Expected,Red,Right,23.307,8.254,-0.05,0.868,75.449,,46.865,0,,-1,-1,,-1
999,Day,15.348,8.057,0,U_Red_L,Practice,Expected,Red,Right,23.405,8.351,-0.053,0.868,77.512,,47.488,0,,-1,-1,,-1
999,Day,15.348,8.167,0,U_Red_L,Practice,Expected,Red,Right,23.515,8.461,-0.056,0.868,79.872,,48.254,0,,-1,-1,,-1
999,Day,15.348,8.262,0,U_Red_L,Practice,Expected,Red,Right,23.61,8.557,-0.059,0.868,81.96,,48.804,0,,-1,-1,,-1
999,Day,15.348,8.363,0,U_Red_L,Practice,Expected,Red,Right,23.711,8.657,-0.062,0.868,84.165,,49.465,0,,-1,-1,,-1
999,Day,15.348,8.466,0,U_Red_L,Practice,Expected,Red,Right,23.814,8.761,-0.065,0.868,86.451,,50.236,0,,-1,-1,,-1
999,Day,15.348,8.565,0,U_Red_L,Practice,Expected,Red,Right,23.913,8.86,-0.068,0.868,88.687,,50.897,0,,-1,-1,,-1
999,Day,15.348,8.672,0,U_Red_L,Practice,Expected,Red,Right,24.019,8.966,-0.072,0.868,91.091,,51.558,0,,-1,-1,,-1
999,Day,15.348,8.766,0,U_Red_L,Practice,Expected,Red,Right,24.114,9.06,-0.075,0.868,93.292,,52.219,0,,-1,-1,,-1
999,Day,15.348,8.86,0,U_Red_L,Practice,Expected,Red,Right,24.208,9.155,-0.079,0.868,95.536,,52.769,0,,-1,-1,,-1
999,Day,15.348,8.967,0,U_Red_L,Practice,Expected,Red,Right,24.315,9.262,-0.083,0.868,98.075,,53.539,0,,-1,-1,,-1
999,Day,15.348,9.067,0,U_Red_L,Practice,Expected,Red,Right,24.415,9.361,-0.086,0.868,100.466,,54.199,0,,-1,-1,,-1
999,Day,15.348,9.168,0,U_Red_L,Practice,Expected,Red,Right,24.516,9.463,-0.09,0.868,102.934,,54.859,0,,-1,-1,,-1
999,Day,15.348,9.267,0,U_Red_L,Practice,Expected,Red,Right,24.615,9.562,-0.094,0.868,105.387,,55.384,0,,-1,-1,,-1
999,Day,15.348,9.362,0,U_Red_L,Practice,Expected,Red,Right,24.71,9.657,-0.098,0.868,107.726,,55.495,0,,-1,-1,,-1
999,Day,15.348,9.46,0,U_Red_L,Practice,Expected,Red,Right,24.808,9.755,-0.103,0.868,110.163,,55.898,0,,-1,-1,,-1
999,Day,15.348,9.559,0,U_Red_L,Practice,Expected,Red,Right,24.907,9.854,-0.107,0.868,112.663,,56.3,0,,-1,-1,,-1
999,Day,15.348,9.66,0,U_Red_L,Practice,Expected,Red,Right,25.008,9.955,-0.112,0.868,115.199,,56.452,0,,-1,-1,,-1
999,Day,15.348,9.76,0,U_Red_L,Practice,Expected,Red,Right,25.108,10.055,-0.116,0.868,117.739,,56.957,0,,-1,-1,,-1
999,Day,15.348,9.862,0,U_Red_L,Practice,Expected,Red,Right,25.21,10.157,-0.121,0.868,120.36,,57.584,0,,-1,-1,,-1
999,Day,15.348,9.967,0,U_Red_L,Practice,Expected,Red,Right,25.315,10.262,-0.126,0.868,122.977,,58.236,0,,-1,-1,,-1
999,Day,15.348,10.067,0,U_Red_L,Practice,Expected,Red,Right,25.415,10.362,-0.131,0.868,125.678,,58.635,0,,-1,-1,,-1
999,Day,15.348,10.166,0,U_Red_L,Practice,Expected,Red,Right,25.514,10.461,-0.137,0.868,128.287,,58.693,0,,-1,-1,,-1
999,Day,15.348,10.271,0,U_Red_L,Practice,Expected,Red,Right,25.618,10.565,-0.142,0.868,131.015,,58.697,0,,-1,-1,,-1
999,Day,15.348,10.358,0,U_Red_L,Practice,Expected,Red,Right,25.705,10.652,-0.147,0.868,133.296,,58.691,0,,-1,-1,,-1
999,Day,15.348,10.461,0,U_Red_L,Practice,Expected,Red,Right,25.809,10.756,-0.152,0.868,136.013,,58.679,0,,-1,-1,,-1
999,Day,15.348,10.565,0,U_Red_L,Practice,Expected,Red,Right,25.913,10.86,-0.158,0.868,138.748,,58.664,0,,-1,-1,,-1
999,Day,15.348,10.663,0,U_Red_L,Practice,Expected,Red,Right,26.011,10.958,-0.163,0.868,141.31,,58.653,0,,-1,-1,,-1
999,Day,15.348,10.763,0,U_Red_L,Practice,Expected,Red,Right,26.111,11.058,-0.169,0.868,143.943,,58.64,0,,-1,-1,,-1
999,Day,15.348,10.862,0,U_Red_L,Practice,Expected,Red,Right,26.21,11.157,-0.174,0.868,146.561,,58.627,0,,-1,-1,,-1
999,Day,15.348,10.962,0,U_Red_L,Practice,Expected,Red,Right,26.31,11.256,-0.18,0.868,149.141,,58.614,0,,-1,-1,,-1
999,Day,15.348,11.071,0,U_Red_L,Practice,Expected,Red,Right,26.419,11.366,-0.186,0.868,151.961,,58.599,0,,-1,-1,,-1
999,Day,15.348,11.17,0,U_Red_L,Practice,Expected,Red,Right,26.518,11.464,-0.192,0.868,154.566,,58.585,0,,-1,-1,,-1
999,Day,15.348,11.269,0,U_Red_L,Practice,Expected,Red,Right,26.617,11.564,-0.197,0.868,157.172,,58.572,0,,-1,-1,,-1
999,Day,15.348,11.369,0,U_Red_L,Practice,Expected,Red,Right,26.717,11.664,-0.203,0.868,159.795,,58.559,0,,-1,-1,,-1
999,Day,15.348,11.457,0,U_Red_L,Practice,Expected,Red,Right,26.805,11.751,-0.208,0.868,162.09,,58.548,0,,-1,-1,,-1
999,Day,15.348,11.559,0,U_Red_L,Practice,Expected,Red,Right,26.907,11.853,-0.214,0.868,164.753,,58.535,0,,-1,-1,,-1
999,Day,15.348,11.661,0,U_Red_L,Practice,Expected,Red,Right,27.008,11.955,-0.22,0.868,167.422,,58.522,0,,-1,-1,,-1
999,Day,15.348,11.763,0,U_Red_L,Practice,Expected,Red,Right,27.11,12.057,-0.226,0.868,170.096,,58.509,0,,-1,-1,,-1
999,Day,15.348,11.862,0,U_Red_L,Practice,Expected,Red,Right,27.21,12.157,-0.232,0.868,172.696,,58.495,0,,-1,-1,,-1
999,Day,15.348,11.965,0,U_Red_L,Practice,Expected,Red,Right,27.313,12.26,-0.238,0.868,175.4,,58.48,0,,-1,-1,,-1
999,Day,15.348,12.067,0,U_Red_L,Practice,Expected,Red,Right,27.415,12.362,-0.243,0.868,178.04,,58.467,0,,-1,-1,,-1
999,Day,15.348,12.167,0,U_Red_L,Practice,Expected,Red,Right,27.515,12.462,-0.249,0.868,180.666,,58.454,0,,-1,-1,,-1
999,Day,15.348,12.267,0,U_Red_L,Practice,Expected,Red,Right,27.615,12.562,-0.255,0.868,183.289,,58.441,0,,-1,-1,,-1
999,Day,15.348,12.367,0,U_Red_L,Practice,Expected,Red,Right,27.715,12.662,-0.261,0.868,185.907,,58.428,0,,-1,-1,,-1
999,Day,15.348,12.468,0,U_Red_L,Practice,Expected,Red,Right,27.816,12.763,-0.267,0.868,188.528,,58.414,0,,-1,-1,,-1
999,Day,15.348,12.568,0,U_Red_L,Practice,Expected,Red,Right,27.916,12.863,-0.272,0.868,191.144,,58.401,0,,-1,-1,,-1
999,Day,15.348,12.657,0,U_Red_L,Practice,Expected,Red,Right,28.005,12.952,-0.278,0.868,193.463,,58.39,0,,-1,-1,,-1
999,Day,15.348,12.762,0,U_Red_L,Practice,Expected,Red,Right,28.11,13.057,-0.284,0.868,196.222,,58.377,0,,-1,-1,,-1
999,Day,15.348,12.864,0,U_Red_L,Practice,Expected,Red,Right,28.212,13.159,-0.29,0.868,198.884,,58.362,0,,-1,-1,,-1
999,Day,15.348,12.966,0,U_Red_L,Practice,Expected,Red,Right,28.313,13.26,-0.295,0.868,201.519,,58.349,0,,-1,-1,,-1
999,Day,15.348,13.066,0,U_Red_L,Practice,Expected,Red,Right,28.414,13.361,-0.301,0.868,204.151,,58.336,0,,-1,-1,,-1
999,Day,15.348,13.17,0,U_Red_L,Practice,Expected,Red,Right,28.518,13.465,-0.307,0.868,206.845,,58.323,0,,-1,-1,,-1
999,Day,15.348,13.261,0,U_Red_L,Practice,Expected,Red,Right,28.609,13.556,-0.312,0.868,209.227,,58.312,0,,-1,-1,,-1
999,Day,15.348,13.36,0,U_Red_L,Practice,Expected,Red,Right,28.707,13.654,-0.318,0.868,211.747,,58.299,0,,-1,-1,,-1
999,Day,15.348,13.469,0,U_Red_L,Practice,Expected,Red,Right,28.817,13.764,-0.324,0.868,214.64,,58.283,0,,-1,-1,,-1
999,Day,15.348,13.558,0,U_Red_L,Practice,Expected,Red,Right,28.906,13.853,-0.33,0.868,216.972,,58.272,0,,-1,-1,,-1
999,Day,15.348,13.662,0,U_Red_L,Practice,Expected,Red,Right,29.01,13.957,-0.336,0.868,219.672,,58.259,0,,-1,-1,,-1
999,Day,15.348,13.766,0,U_Red_L,Practice,Expected,Red,Right,29.114,14.061,-0.342,0.868,222.392,,58.244,0,,-1,-1,,-1
999,Day,15.348,13.867,0,U_Red_L,Practice,Expected,Red,Right,29.215,14.162,-0.347,0.868,225.007,,58.231,0,,-1,-1,,-1
999,Day,15.348,13.973,0,U_Red_L,Practice,Expected,Red,Right,29.321,14.267,-0.353,0.868,227.742,,58.218,0,,-1,-1,,-1
999,Day,15.348,14.058,0,U_Red_L,Practice,Expected,Red,Right,29.406,14.353,-0.358,0.868,229.977,,58.207,0,,-1,-1,,-1
999,Day,15.348,14.163,0,U_Red_L,Practice,Expected,Red,Right,29.511,14.458,-0.364,0.868,232.725,,58.194,0,,-1,-1,,-1
999,Day,15.348,14.269,0,U_Red_L,Practice,Expected,Red,Right,29.617,14.564,-0.37,0.868,235.476,,58.178,0,,-1,-1,,-1
999,Day,15.348,14.358,0,U_Red_L,Practice,Expected,Red,Right,29.706,14.653,-0.375,0.868,237.785,,58.168,0,,-1,-1,,-1
999,Day,15.348,14.465,0,U_Red_L,Practice,Expected,Red,Right,29.813,14.76,-0.382,0.868,240.568,,58.152,0,,-1,-1,,-1
999,Day,15.348,14.566,0,U_Red_L,Practice,Expected,Red,Right,29.914,14.861,-0.387,0.868,243.195,,58.139,0,,-1,-1,,-1
999,Day,15.348,14.668,0,U_Red_L,Practice,Expected,Red,Right,30.016,14.963,-0.393,0.868,245.837,,58.126,0,,-1,-1,,-1
999,Day,15.348,14.757,0,U_Red_L,Practice,Expected,Red,Right,30.105,15.052,-0.398,0.868,248.146,,58.115,0,,-1,-1,,-1
999,Day,15.348,14.863,0,U_Red_L,Practice,Expected,Red,Right,30.211,15.158,-0.404,0.868,250.908,,58.102,0,,-1,-1,,-1
999,Day,15.348,14.966,0,U_Red_L,Practice,Expected,Red,Right,30.314,15.261,-0.41,0.868,253.591,,58.087,0,,-1,-1,,-1
999,Day,15.348,15.069,0,U_Red_L,Practice,Expected,Red,Right,30.417,15.364,-0.416,0.868,256.251,,58.074,0,,-1,-1,,-1
999,Day,15.348,15.158,0,U_Red_L,Practice,Expected,Red,Right,30.506,15.452,-0.421,0.868,258.556,,58.063,0,,-1,-1,,-1
999,Day,15.348,15.264,0,U_Red_L,Practice,Expected,Red,Right,30.612,15.559,-0.427,0.868,261.322,,58.05,0,,-1,-1,,-1
999,Day,15.348,15.369,0,U_Red_L,Practice,Expected,Red,Right,30.717,15.663,-0.433,0.868,264.034,,58.035,0,,-1,-1,,-1
999,Day,15.348,15.464,0,U_Red_L,Practice,Expected,Red,Right,30.812,15.759,-0.439,0.868,266.501,,58.024,0,,-1,-1,,-1
999,Day,15.348,15.563,0,U_Red_L,Practice,Expected,Red,Right,30.911,15.857,-0.444,0.868,269.05,,58.011,0,,-1,-1,,-1
999,Day,15.348,15.66,0,U_Red_L,Practice,Expected,Red,Right,31.008,15.955,-0.45,0.868,271.578,,57.998,0,,-1,-1,,-1
999,Day,15.348,15.758,0,U_Red_L,Practice,Expected,Red,Right,31.106,16.052,-0.455,0.868,274.097,,57.985,0,,-1,-1,,-1
999,Day,15.348,15.868,0,U_Red_L,Practice,Expected,Red,Right,31.216,16.163,-0.462,0.868,276.976,,57.97,0,,-1,-1,,-1
999,Day,15.348,15.958,0,U_Red_L,Practice,Expected,Red,Right,31.306,16.253,-0.467,0.868,279.325,,57.959,0,,-1,-1,,-1
999,Day,15.348,16.062,0,U_Red_L,Practice,Expected,Red,Right,31.41,16.357,-0.473,0.868,282.021,,57.946,0,,-1,-1,,-1
999,Day,15.348,16.168,0,U_Red_L,Practice,Expected,Red,Right,31.516,16.463,-0.479,0.868,284.766,,57.93,0,,-1,-1,,-1
999,Day,15.348,16.26,0,U_Red_L,Practice,Expected,Red,Right,31.608,16.555,-0.484,0.868,287.138,,57.92,0,,-1,-1,,-1
999,Day,15.348,16.366,0,U_Red_L,Practice,Expected,Red,Right,31.714,16.66,-0.49,0.868,289.871,,57.904,0,,-1,-1,,-1
999,Day,15.348,16.473,0,U_Red_L,Practice,Expected,Red,Right,31.821,16.768,-0.496,0.868,292.646,,57.891,0,,-1,-1,,-1
999,Day,15.348,16.562,0,U_Red_L,Practice,Expected,Red,Right,31.91,16.857,-0.501,0.868,294.952,,57.881,0,,-1,-1,,-1
999,Day,15.348,16.666,0,U_Red_L,Practice,Expected,Red,Right,32.014,16.961,-0.507,0.868,297.647,,57.865,0,,-1,-1,,-1
999,Day,15.348,16.77,0,U_Red_L,Practice,Expected,Red,Right,32.117,17.064,-0.513,0.868,300.32,,57.852,0,,-1,-1,,-1
999,Day,15.348,16.858,0,U_Red_L,Practice,Expected,Red,Right,32.206,17.153,-0.518,0.868,302.612,,57.842,0,,-1,-1,,-1
999,Day,15.348,16.966,0,U_Red_L,Practice,Expected,Red,Right,32.314,17.261,-0.524,0.868,305.391,,57.826,0,,-1,-1,,-1
999,Day,15.348,17.067,0,U_Red_L,Practice,Expected,Red,Right,32.414,17.361,-0.529,0.868,307.999,,57.813,0,,-1,-1,,-1
999,Day,15.348,17.166,0,U_Red_L,Practice,Expected,Red,Right,32.514,17.461,-0.535,0.868,310.567,,57.8,0,,-1,-1,,-1
999,Day,15.348,17.269,0,U_Red_L,Practice,Expected,Red,Right,32.617,17.564,-0.541,0.868,313.235,,57.787,0,,-1,-1,,-1
999,Day,15.348,17.37,0,U_Red_L,Practice,Expected,Red,Right,32.717,17.664,-0.546,0.868,315.822,,57.774,0,,-1,-1,,-1
999,Day,15.348,17.46,0,U_Red_L,Practice,Expected,Red,Right,32.807,17.754,-0.551,0.868,318.13,,57.764,0,,-1,-1,,-1
999,Day,15.348,17.565,0,U_Red_L,Practice,Expected,Red,Right,32.913,17.86,-0.557,0.868,320.874,,57.748,0,,-1,-1,,-1
999,Day,15.348,17.667,0,U_Red_L,Practice,Expected,Red,Right,33.015,17.962,-0.563,0.868,323.52,,57.735,0,,-1,-1,,-1
999,Day,15.348,17.755,0,U_Red_L,Practice,Expected,Red,Right,33.103,18.05,-0.568,0.868,325.776,,57.725,0,,-1,-1,,-1
999,Day,15.348,17.859,0,U_Red_L,Practice,Expected,Red,Right,33.207,18.154,-0.574,0.868,328.462,,57.712,0,,-1,-1,,-1
999,Day,15.348,17.963,0,U_Red_L,Practice,Expected,Red,Right,33.311,18.258,-0.58,0.868,331.149,,57.699,0,,-1,-1,,-1
999,Day,15.348,18.066,0,U_Red_L,Practice,Expected,Red,Right,33.414,18.361,-0.585,0.868,333.811,,57.683,0,,-1,-1,,-1
999,Day,15.348,18.171,0,U_Red_L,Practice,Expected,Red,Right,33.519,18.466,-0.591,0.868,336.483,,57.67,0,,-1,-1,,-1
999,Day,15.348,18.271,0,U_Red_L,Practice,Expected,Red,Right,33.619,18.566,-0.597,0.868,339.076,,57.658,0,,-1,-1,,-1
999,Day,15.348,18.359,0,U_Red_L,Practice,Expected,Red,Right,33.707,18.654,-0.602,0.868,341.358,,57.647,0,,-1,-1,,-1
999,Day,15.348,18.467,0,U_Red_L,Practice,Expected,Red,Right,33.815,18.762,-0.608,0.868,344.103,,57.632,0,,-1,-1,,-1
999,Day,15.348,18.567,0,U_Red_L,Practice,Expected,Red,Right,33.915,18.862,-0.613,0.868,346.714,,57.619,0,,-1,-1,,-1
999,Day,15.348,18.669,0,U_Red_L,Practice,Expected,Red,Right,34.016,18.963,-0.619,0.868,349.331,,57.606,0,,-1,-1,,-1
999,Day,15.348,18.757,0,U_Red_L,Practice,Expected,Red,Right,34.105,19.052,-0.624,0.868,351.61,,57.595,0,,-1,-1,,-1
999,Day,15.348,18.863,0,U_Red_L,Practice,Expected,Red,Right,34.211,19.157,-0.63,0.868,354.33,,57.582,0,,-1,-1,,-1
999,Day,15.348,18.967,0,U_Red_L,Practice,Expected,Red,Right,34.315,19.262,-0.636,0.868,357.017,,57.567,0,,-1,-1,,-1
999,Day,15.348,19.056,0,U_Red_L,Practice,Expected,Red,Right,34.404,19.351,-0.641,0.868,359.295,,57.556,0,,-1,-1,,-1
999,Day,15.348,19.171,0,U_Red_L,Practice,Expected,Red,Right,34.519,19.466,-0.647,0.868,362.214,,57.183,0,,-1,-1,,-1
999,Day,15.348,19.266,0,U_Red_L,Practice,Expected,Red,Right,34.614,19.56,-0.652,0.868,364.675,,57.009,0,,-1,-1,,-1
999,Day,15.348,19.368,0,U_Red_L,Practice,Expected,Red,Right,34.716,19.663,-0.658,0.868,367.282,,56.961,0,,-1,-1,,-1
999,Day,15.348,19.467,0,U_Red_L,Practice,Expected,Red,Right,34.815,19.762,-0.665,0.868,369.771,,56.857,0,,-1,-1,,-1
999,Day,15.348,19.558,0,U_Red_L,Practice,Expected,Red,Right,34.906,19.853,-0.708,0.868,372.04,,56.677,0,,-1,-1,,-1
999,Day,15.348,19.671,0,U_Red_L,Practice,Expected,Red,Right,35.019,19.966,-0.78,0.868,374.969,,56.638,0,,-1,-1,,-1
999,Day,15.348,19.758,0,U_Red_L,Practice,Expected,Red,Right,35.106,20.053,-0.845,0.868,377.167,,56.618,0,,-1,-1,,-1
999,Day,15.348,19.867,0,U_Red_L,Practice,Expected,Red,Right,35.215,20.162,-0.947,0.868,379.924,,56.587,0,,-1,-1,,-1
999,Day,15.348,19.966,0,U_Red_L,Practice,Expected,Red,Right,35.314,20.261,-1.063,0.868,382.431,,56.559,0,,-1,-1,,-1
999,Day,15.348,20.071,0,U_Red_L,Practice,Expected,Red,Right,35.419,20.365,-1.208,0.868,385.057,,56.533,0,,-1,-1,,-1
999,Day,15.348,20.156,0,U_Red_L,Practice,Expected,Red,Right,35.504,20.451,-1.343,0.868,387.232,,56.512,0,,-1,-1,,-1
999,Day,15.348,20.262,0,U_Red_L,Practice,Expected,Red,Right,35.61,20.557,-1.527,0.868,389.881,,56.49,0,,-1,-1,,-1
999,Day,15.348,20.365,0,U_Red_L,Practice,Expected,Red,Right,35.713,20.66,-1.724,0.868,392.489,,56.468,0,,-1,-1,,-1
999,Day,15.348,20.467,0,U_Red_L,Practice,Expected,Red,Right,35.815,20.762,-1.933,0.868,395.057,,56.45,0,,-1,-1,,-1
999,Day,15.348,20.555,0,U_Red_L,Practice,Expected,Red,Right,35.903,20.85,-2.12,0.868,397.249,,56.436,0,,-1,-1,,-1
999,Day,15.348,20.663,0,U_Red_L,Practice,Expected,Red,Right,36.011,20.958,-2.362,0.868,399.973,,56.421,0,,-1,-1,,-1
999,Day,15.348,20.765,0,U_Red_L,Practice,Expected,Red,Right,36.113,21.06,-2.598,0.868,402.531,,56.404,0,,-1,-1,,-1
999,Day,15.348,20.868,0,U_Red_L,Practice,Expected,Red,Right,36.216,21.163,-2.841,0.868,405.116,,56.456,0,,-1,-1,,-1
999,Day,15.348,20.961,0,U_Red_L,Practice,Expected,Red,Right,36.309,21.256,-2.933,0.869,407.518,,57.799,0,,-1,-1,,-1
999,Day,15.348,21.064,0,U_Red_L,Practice,Expected,Red,Right,36.412,21.358,-3.031,0.87,410.147,,57.418,0,,-1,-1,,-1
999,Day,15.348,21.169,0,U_Red_L,Practice,Expected,Red,Right,36.516,21.463,-3.174,0.871,412.827,,56.993,0,,-1,-1,,-1
999,Day,15.348,21.254,0,U_Red_L,Practice,Expected,Red,Right,36.602,21.549,-3.333,0.873,414.989,,56.526,0,,-1,-1,,-1
999,Day,15.348,21.361,0,U_Red_L,Practice,Expected,Red,Right,36.709,21.655,-3.591,0.874,417.654,,55.646,0,,-1,-1,,-1
999,Day,15.348,21.465,0,U_Red_L,Practice,Expected,Red,Right,36.813,21.76,-3.909,0.876,420.202,,54.761,0,,-1,-1,,-1
999,Day,15.348,21.557,0,U_Red_L,Practice,Expected,Red,Right,36.905,21.852,-4.251,0.875,422.412,,53.871,0,,-1,-1,,-1
999,Day,15.348,21.671,0,U_Red_L,Practice,Expected,Red,Right,37.019,21.965,-4.745,0.871,425.063,,52.611,0,,-1,-1,,-1
999,Day,15.348,21.769,0,U_Red_L,Practice,Expected,Red,Right,37.117,22.064,-5.244,0.868,427.303,,51.387,0,,-1,-1,,-1
999,Day,15.348,21.864,0,U_Red_L,Practice,Expected,Red,Right,37.212,22.159,-5.701,0.868,429.469,,52.663,0,,-1,-1,,-1
999,Day,15.348,21.959,0,U_Red_L,Practice,Expected,Red,Right,37.307,22.253,-6.156,0.869,431.604,,51.176,0,,-1,-1,,-1
999,Day,15.348,22.055,0,U_Red_L,Practice,Expected,Red,Right,37.403,22.35,-6.65,0.877,433.723,,49.753,0,,-1,-1,,-1
999,Day,15.348,22.164,0,U_Red_L,Practice,Expected,Red,Right,37.512,22.459,-7.218,0.883,436.025,,47.935,0,,-1,-1,,-1
999,Day,15.348,22.26,0,U_Red_L,Practice,Expected,Red,Right,37.608,22.555,-7.712,0.874,437.998,,46.866,0,,-1,-1,,-1
999,Day,15.348,22.364,0,U_Red_L,Practice,Expected,Red,Right,37.712,22.659,-8.219,0.886,440.068,,45.659,0,,-1,-1,,-1
999,Day,15.348,22.47,0,U_Red_L,Practice,Expected,Red,Right,37.818,22.765,-8.684,0.885,442.131,,44.505,0,,-1,-1,,-1
999,Day,15.348,22.562,0,U_Red_L,Practice,Expected,Red,Right,37.91,22.857,-9.072,0.882,443.915,,44.417,0,,-1,-1,,-1
999,Day,15.348,22.67,0,U_Red_L,Practice,Expected,Red,Right,38.018,22.965,-9.591,0.882,445.986,,44.229,0,,-1,-1,,-1
999,Day,15.348,22.758,0,U_Red_L,Practice,Expected,Red,Right,38.106,23.053,-10.065,0.871,447.673,,43.998,0,,-1,-1,,-1
999,Day,15.348,22.855,0,U_Red_L,Practice,Expected,Red,Right,38.203,23.15,-10.624,0.879,449.486,,43.536,0,,-1,-1,,-1
999,Day,15.348,22.96,0,U_Red_L,Practice,Expected,Red,Right,38.308,23.255,-11.282,0.877,451.43,,42.563,0,,-1,-1,,-1
999,Day,15.348,23.071,0,U_Red_L,Practice,Expected,Red,Right,38.419,23.366,-11.988,0.871,453.347,,41.178,0,,-1,-1,,-1
999,Day,15.348,23.16,0,U_Red_L,Practice,Expected,Red,Right,38.508,23.454,-12.59,0.867,454.874,,39.71,0,,-1,-1,,-1
999,Day,15.348,23.255,0,U_Red_L,Practice,Expected,Red,Right,38.603,23.55,-13.228,0.873,456.371,,38.192,0,,-1,-1,,-1
999,Day,15.348,32.902,0,U_Red_L,Practice,Expected,Red,Right,48.25,33.197,-13.633,0.873,457.268,,37.318,0,,-1,-1,,-1
999,Day,15.348,33.113,0,U_Red_L,Practice,Expected,Red,Right,48.461,33.408,-14.969,0.869,460.029,,33.393,0,,-1,-1,,-1
999,Day,15.348,33.132,0,U_Red_L,Practice,Expected,Red,Right,48.48,33.427,-15.189,0.868,460.469,,32.707,0,,-1,-1,,-1
999,Day,15.348,33.149,0,U_Red_L,Practice,Expected,Red,Right,48.497,33.444,-15.31,0.868,460.711,,32.364,0,,-1,-1,,-1
999,Day,15.348,33.167,0,U_Red_L,Practice,Expected,Red,Right,48.515,33.462,-15.427,0.868,460.947,,32.022,0,,-1,-1,,-1
999,Day,15.348,33.202,0,U_Red_L,Practice,Expected,Red,Right,48.55,33.496,-15.637,0.867,461.368,,31.342,0,,-1,-1,,-1
999,Day,15.348,33.233,0,U_Red_L,Practice,Expected,Red,Right,48.58,33.527,-15.825,0.867,461.746,,30.656,0,,-1,-1,,-1
999,Day,15.348,33.268,0,U_Red_L,Practice,Expected,Red,Right,48.616,33.563,-16.04,0.868,462.185,,30,0,,-1,-1,,-1
999,Day,15.348,33.297,0,U_Red_L,Practice,Expected,Red,Right,48.645,33.592,-16.211,0.868,462.54,,29.362,0,,-1,-1,,-1
999,Day,15.348,33.329,0,U_Red_L,Practice,Expected,Red,Right,48.677,33.624,-16.388,0.868,462.915,,28.745,0,,-1,-1,,-1
999,Day,15.348,33.361,0,U_Red_L,Practice,Expected,Red,Right,48.708,33.655,-16.555,0.868,463.276,,28.154,0,,-1,-1,,-1
999,Day,15.348,33.393,0,U_Red_L,Practice,Expected,Red,Right,48.741,33.688,-16.725,0.868,463.654,,27.59,0,,-1,-1,,-1
999,Day,15.348,33.426,0,U_Red_L,Practice,Expected,Red,Right,48.774,33.721,-16.883,0.868,464.019,,27.053,0,,-1,-1,,-1
999,Day,15.348,33.462,0,U_Red_L,Practice,Expected,Red,Right,48.81,33.757,-17.051,0.868,464.425,,26.543,0,,-1,-1,,-1
999,Day,15.348,33.784,0,U_Red_L,Practice,Expected,Red,Right,49.132,34.079,-17.582,0.868,465.929,,25.148,0,,-1,-1,,-1
999,Day,15.348,33.91,0,U_Red_L,Practice,Expected,Red,Right,49.258,34.204,-17.978,0.868,467.287,,24.852,0,,-1,-1,,-1
999,Day,15.348,33.921,0,U_Red_L,Practice,Expected,Red,Right,49.269,34.216,-18.031,0.868,467.483,,24.839,0,,-1,-1,,-1
999,Day,15.348,33.941,0,U_Red_L,Practice,Expected,Red,Right,49.289,34.236,-18.089,0.868,467.7,,24.831,0,,-1,-1,,-1
999,Day,15.348,33.975,0,U_Red_L,Practice,Expected,Red,Right,49.323,34.269,-18.181,0.868,468.051,,24.823,0,,-1,-1,,-1
999,Day,15.348,34.015,0,U_Red_L,Practice,Expected,Red,Right,49.363,34.31,-18.29,0.868,468.469,,24.821,0,,-1,-1,,-1
999,Day,15.348,34.047,0,U_Red_L,Practice,Expected,Red,Right,49.395,34.342,-18.382,0.868,468.818,,24.819,0,,-1,-1,,-1
999,Day,15.348,34.089,0,U_Red_L,Practice,Expected,Red,Right,49.436,34.383,-18.503,0.868,469.266,,24.811,0,,-1,-1,,-1
999,Day,15.348,34.125,0,U_Red_L,Practice,Expected,Red,Right,49.473,34.42,-18.611,0.868,469.652,,24.805,0,,-1,-1,,-1
999,Day,15.348,34.161,0,U_Red_L,Practice,Expected,Red,Right,49.509,34.455,-18.721,0.868,470.035,,24.798,0,,-1,-1,,-1
999,Day,15.348,34.2,0,U_Red_L,Practice,Expected,Red,Right,49.548,34.494,-18.845,0.868,470.453,,24.791,0,,-1,-1,,-1
999,Day,15.348,34.238,0,U_Red_L,Practice,Expected,Red,Right,49.586,34.532,-18.965,0.868,470.843,,24.782,0,,-1,-1,,-1
999,Day,15.348,34.274,0,U_Red_L,Practice,Expected,Red,Right,49.622,34.569,-19.088,0.868,471.237,,24.776,0,,-1,-1,,-1
999,Day,15.348,34.312,0,U_Red_L,Practice,Expected,Red,Right,49.66,34.607,-19.211,0.868,471.623,,24.772,0,,-1,-1,,-1
999,Day,15.348,34.347,0,U_Red_L,Practice,Expected,Red,Right,49.695,34.642,-19.336,0.868,472.004,,24.768,0,,-1,-1,,-1
999,Day,15.348,34.383,0,U_Red_L,Practice,Expected,Red,Right,49.731,34.678,-19.46,0.868,472.38,,24.764,0,,-1,-1,,-1
999,Day,15.348,34.418,0,U_Red_L,Practice,Expected,Red,Right,49.766,34.713,-19.582,0.868,472.745,,24.759,0,,-1,-1,,-1
999,Day,15.348,34.455,0,U_Red_L,Practice,Expected,Red,Right,49.803,34.75,-19.717,0.868,473.141,,24.756,0,,-1,-1,,-1
999,Day,15.348,34.494,0,U_Red_L,Practice,Expected,Red,Right,49.842,34.789,-19.856,0.868,473.549,,24.754,0,,-1,-1,,-1
999,Day,15.348,34.55,0,U_Red_L,Practice,Expected,Red,Right,49.898,34.845,-20.051,0.868,474.109,,24.75,0,,-1,-1,,-1
999,Day,15.348,51.63,0,U_Red_L,Practice,Expected,Red,Right,66.978,51.925,-20.054,0.868,474.119,,24.75,0,,-1,-1,,-1
999,Day,15.348,51.825,0,U_Red_L,Practice,Expected,Red,Right,67.173,52.12,-20.717,0.869,475.997,,24.739,0,,-1,-1,,-1
999,Day,15.348,51.849,0,U_Red_L,Practice,Expected,Red,Right,67.197,52.144,-20.849,0.87,476.367,,24.738,0,,-1,-1,,-1
999,Day,15.348,51.872,0,U_Red_L,Practice,Expected,Red,Right,67.22,52.167,-20.938,0.87,476.615,,24.736,0,,-1,-1,,-1
999,Day,15.348,51.907,0,U_Red_L,Practice,Expected,Red,Right,67.255,52.202,-21.068,0.871,476.979,,24.735,0,,-1,-1,,-1
999,Day,15.348,51.924,0,U_Red_L,Practice,Expected,Red,Right,67.272,52.219,-21.136,0.871,477.168,,24.734,0,,-1,-1,,-1
999,Day,15.348,53.55,0,U_Red_L,Practice,Expected,Red,Right,68.898,53.845,-21.138,0.871,477.174,,24.734,0,,-1,-1,,-1
999,Day,15.348,53.699,0,U_Red_L,Practice,Expected,Red,Right,69.047,53.994,-21.67,0.875,478.65,,24.727,0,,-1,-1,,-1
999,Day,15.348,53.722,0,U_Red_L,Practice,Expected,Red,Right,69.07,54.017,-21.775,0.876,478.941,,24.726,0,,-1,-1,,-1
999,Day,15.348,53.733,0,U_Red_L,Practice,Expected,Red,Right,69.081,54.028,-21.821,0.876,479.07,,24.725,0,,-1,-1,,-1
999,Day,15.348,53.752,0,U_Red_L,Practice,Expected,Red,Right,69.1,54.047,-21.892,0.877,479.264,,24.724,0,,-1,-1,,-1
999,Day,15.348,53.785,0,U_Red_L,Practice,Expected,Red,Right,69.133,54.08,-22.013,0.877,479.601,,24.723,0,,-1,-1,,-1
999,Day,15.348,53.817,0,U_Red_L,Practice,Expected,Red,Right,69.165,54.112,-22.134,0.878,479.933,,24.721,0,,-1,-1,,-1
999,Day,15.348,53.849,0,U_Red_L,Practice,Expected,Red,Right,69.197,54.143,-22.254,0.879,480.265,,24.719,0,,-1,-1,,-1
999,Day,15.348,53.882,0,U_Red_L,Practice,Expected,Red,Right,69.23,54.177,-22.38,0.88,480.611,,24.718,0,,-1,-1,,-1
999,Day,15.348,53.916,0,U_Red_L,Practice,Expected,Red,Right,69.264,54.211,-22.509,0.881,480.966,,24.716,0,,-1,-1,,-1
999,Day,15.348,53.947,0,U_Red_L,Practice,Expected,Red,Right,69.295,54.242,-22.626,0.882,481.288,,24.714,0,,-1,-1,,-1
999,Day,15.348,53.982,0,U_Red_L,Practice,Expected,Red,Right,69.33,54.277,-22.753,0.883,481.638,,24.712,0,,-1,-1,,-1
999,Day,15.348,54.025,0,U_Red_L,Practice,Expected,Red,Right,69.373,54.32,-22.914,0.884,482.079,,24.71,0,,-1,-1,,-1
999,Day,15.348,54.055,0,U_Red_L,Practice,Expected,Red,Right,69.403,54.35,-23.029,0.884,482.396,,24.708,0,,-1,-1,,-1
999,Day,15.348,54.088,0,U_Red_L,Practice,Expected,Red,Right,69.435,54.382,-23.151,0.885,482.731,,24.706,0,,-1,-1,,-1
999,Day,15.348,54.123,0,U_Red_L,Practice,Expected,Red,Right,69.471,54.418,-23.286,0.886,483.099,,24.704,0,,-1,-1,,-1
999,Day,15.348,54.175,0,U_Red_L,Practice,Expected,Red,Right,69.523,54.47,-23.475,0.887,483.619,,24.701,0,,-1,-1,,-1
999,Day,15.348,54.203,0,U_Red_L,Practice,Expected,Red,Right,69.551,54.498,-23.588,0.888,483.929,,24.699,0,,-1,-1,,-1
999,Day,15.348,62.432,0,U_Red_L,Practice,Expected,Red,Right,77.78,62.727,-23.591,0.888,483.937,,24.699,0,,-1,-1,,-1
999,Day,15.348,62.633,0,U_Red_L,Practice,Expected,Red,Right,77.981,62.928,-24.277,0.892,485.816,,24.686,0,,-1,-1,,-1
999,Day,15.348,62.659,0,U_Red_L,Practice,Expected,Red,Right,78.006,62.953,-24.432,0.892,486.24,,24.685,0,,-1,-1,,-1
999,Day,15.348,62.68,0,U_Red_L,Practice,Expected,Red,Right,78.028,62.974,-24.52,0.895,486.482,,24.681,0,,-1,-1,,-1
999,Day,15.348,62.696,0,U_Red_L,Practice,Expected,Red,Right,78.044,62.991,-24.588,0.894,486.668,,24.681,0,,-1,-1,,-1
999,Day,15.348,62.726,0,U_Red_L,Practice,Expected,Red,Right,78.074,63.021,-24.694,0.896,486.959,,24.678,0,,-1,-1,,-1
999,Day,15.348,62.76,0,U_Red_L,Practice,Expected,Red,Right,78.108,63.055,-24.824,0.895,487.314,,24.675,0,,-1,-1,,-1
999,Day,15.348,62.792,0,U_Red_L,Practice,Expected,Red,Right,78.14,63.087,-24.945,0.897,487.646,,24.674,0,,-1,-1,,-1
999,Day,15.348,62.823,0,U_Red_L,Practice,Expected,Red,Right,78.171,63.117,-25.063,0.898,487.97,,24.671,0,,-1,-1,,-1
999,Day,15.348,62.863,0,U_Red_L,Practice,Expected,Red,Right,78.211,63.158,-25.209,0.898,488.37,,24.667,0,,-1,-1,,-1
999,Day,15.348,62.913,0,U_Red_L,Practice,Expected,Red,Right,78.26,63.207,-25.395,0.899,488.878,,24.663,0,,-1,-1,,-1
999,Day,15.348,62.945,0,U_Red_L,Practice,Expected,Red,Right,78.293,63.239,-25.522,0.901,489.226,,24.661,0,,-1,-1,,-1
999,Day,15.348,62.961,0,U_Red_L,Practice,Expected,Red,Right,78.309,63.255,-25.588,0.9,489.406,,24.658,0,,-1,-1,,-1
999,Day,15.348,64.111,0,U_Red_L,Practice,Expected,Red,Right,79.459,64.406,-25.591,0.901,489.414,,24.658,0,,-1,-1,,-1
999,Day,15.348,64.293,0,U_Red_L,Practice,Expected,Red,Right,79.641,64.587,-26.227,0.906,491.156,,24.644,0,,-1,-1,,-1
999,Day,15.348,64.312,0,U_Red_L,Practice,Expected,Red,Right,79.66,64.607,-26.341,0.905,491.471,,24.641,0,,-1,-1,,-1
999,Day,15.348,64.33,0,U_Red_L,Practice,Expected,Red,Right,79.678,64.624,-26.41,0.907,491.66,,24.639,0,,-1,-1,,-1
999,Day,15.348,64.349,0,U_Red_L,Practice,Expected,Red,Right,79.697,64.644,-26.486,0.907,491.866,,24.639,0,,-1,-1,,-1
999,Day,15.348,64.385,0,U_Red_L,Practice,Expected,Red,Right,79.733,64.68,-26.615,0.909,492.221,,24.634,0,,-1,-1,,-1
999,Day,15.348,64.419,0,U_Red_L,Practice,Expected,Red,Right,79.767,64.714,-26.742,0.909,492.569,,24.631,0,,-1,-1,,-1
999,Day,15.348,64.454,0,U_Red_L,Practice,Expected,Red,Right,79.802,64.749,-26.875,0.909,492.932,,24.629,0,,-1,-1,,-1
999,Day,15.348,64.483,0,U_Red_L,Practice,Expected,Red,Right,79.831,64.778,-26.986,0.911,493.237,,24.625,0,,-1,-1,,-1
999,Day,15.348,64.515,0,U_Red_L,Practice,Expected,Red,Right,79.863,64.81,-27.105,0.911,493.564,,24.621,0,,-1,-1,,-1
999,Day,15.348,64.547,0,U_Red_L,Practice,Expected,Red,Right,79.895,64.842,-27.228,0.912,493.9,,24.619,0,,-1,-1,,-1
999,Day,15.348,64.584,0,U_Red_L,Practice,Expected,Red,Right,79.932,64.878,-27.368,0.913,494.284,,24.615,0,,-1,-1,,-1
999,Day,15.348,64.646,0,U_Red_L,Practice,Expected,Red,Right,79.994,64.94,-27.591,0.915,494.895,,24.609,0,,-1,-1,,-1
999,Day,15.348,65.205,0,U_Red_L,Practice,Expected,Red,Right,80.553,65.499,-27.595,0.915,494.907,,24.609,0,,-1,-1,,-1
999,Day,15.348,65.346,0,U_Red_L,Practice,Expected,Red,Right,80.693,65.64,-28.096,0.916,496.281,,24.597,0,,-1,-1,,-1
999,Day,15.348,65.359,0,U_Red_L,Practice,Expected,Red,Right,80.707,65.654,-28.171,0.916,496.488,,24.591,0,,-1,-1,,-1
999,Day,15.348,65.372,0,U_Red_L,Practice,Expected,Red,Right,80.72,65.666,-28.221,0.919,496.624,,24.589,0,,-1,-1,,-1
999,Day,15.348,65.433,0,U_Red_L,Practice,Expected,Red,Right,80.781,65.728,-28.446,0.919,497.24,,24.584,0,,-1,-1,,-1
999,Day,15.348,65.464,0,U_Red_L,Practice,Expected,Red,Right,80.812,65.759,-28.568,0.92,497.573,,24.582,0,,-1,-1,,-1
999,Day,15.348,65.479,0,U_Red_L,Practice,Expected,Red,Right,80.827,65.774,-28.628,0.919,497.738,,24.582,0,,-1,-1,,-1
999,Day,15.348,65.508,0,U_Red_L,Practice,Expected,Red,Right,80.856,65.803,-28.731,0.922,498.021,,24.574,0,,-1,-1,,-1
999,Day,15.348,65.537,0,U_Red_L,Practice,Expected,Red,Right,80.885,65.832,-28.844,0.921,498.33,,24.574,0,,-1,-1,,-1
999,Day,15.348,65.569,0,U_Red_L,Practice,Expected,Red,Right,80.917,65.864,-28.961,0.923,498.653,,24.568,0,,-1,-1,,-1
999,Day,15.348,65.602,0,U_Red_L,Practice,Expected,Red,Right,80.95,65.897,-29.084,0.923,498.988,,24.566,0,,-1,-1,,-1
999,Day,15.348,65.633,0,U_Red_L,Practice,Expected,Red,Right,80.981,65.928,-29.204,0.924,499.317,,24.56,0,,-1,-1,,-1
999,Day,15.348,65.666,0,U_Red_L,Practice,Expected,Red,Right,81.014,65.96,-29.327,0.925,499.656,,24.558,0,,-1,-1,,-1
999,Day,15.348,65.702,0,U_Red_L,Practice,Expected,Red,Right,81.05,65.997,-29.459,0.926,500.017,,24.552,0,,-1,-1,,-1
999,Day,15.348,65.734,0,U_Red_L,Practice,Expected,Red,Right,81.082,66.029,-29.58,0.926,500.348,,24.55,0,,-1,-1,,-1
999,Day,15.348,65.765,0,U_Red_L,Practice,Expected,Red,Right,81.113,66.059,-29.699,0.927,500.674,,24.543,0,,-1,-1,,-1
999,Day,15.348,65.801,0,U_Red_L,Practice,Expected,Red,Right,81.148,66.095,-29.833,0.928,501.041,,24.541,0,,-1,-1,,-1
999,Day,15.348,65.857,0,U_Red_L,Practice,Expected,Red,Right,81.205,66.152,-30.038,0.93,501.616,,24.431,0,,-1,-1,,-1
999,Day,15.348,65.871,0,U_Red_L,Practice,Expected,Red,Right,81.219,66.166,-30.095,0.93,501.783,,24.401,0,,-1,-1,,-1
999,Day,15.348,65.898,0,U_Red_L,Practice,Expected,Red,Right,81.245,66.192,-30.186,0.93,502.05,,24.361,0,,-1,-1,,-1
999,Day,15.348,65.946,0,U_Red_L,Practice,Expected,Red,Right,81.294,66.24,-30.342,0.932,502.525,,24.277,0,,-1,-1,,-1
999,Day,15.348,65.998,0,U_Red_L,Practice,Expected,Red,Right,81.346,66.293,-30.515,0.935,503.074,,24.255,0,,-1,-1,,-1
999,Day,15.348,66.011,0,U_Red_L,Practice,Expected,Red,Right,81.359,66.306,-30.563,0.935,503.231,,24.282,0,,-1,-1,,-1
999,Day,15.348,66.054,0,U_Red_L,Practice,Expected,Red,Right,81.401,66.348,-30.685,0.939,503.641,,24.323,0,,-1,-1,,-1
999,Day,15.348,66.079,0,U_Red_L,Practice,Expected,Red,Right,81.427,66.374,-30.766,0.938,503.924,,24.386,0,,-1,-1,,-1
999,Day,15.348,66.121,0,U_Red_L,Practice,Expected,Red,Right,81.468,66.415,-30.889,0.943,504.358,,24.444,0,,-1,-1,,-1
999,Day,15.348,66.158,0,U_Red_L,Practice,Expected,Red,Right,81.506,66.452,-30.994,0.94,504.737,,24.524,0,,-1,-1,,-1
999,Day,15.348,66.194,0,U_Red_L,Practice,Expected,Red,Right,81.542,66.489,-31.103,0.947,505.132,,24.577,0,,-1,-1,,-1
999,Day,15.348,66.232,0,U_Red_L,Practice,Expected,Red,Right,81.58,66.527,-31.214,0.947,505.538,,24.626,0,,-1,-1,,-1
999,Day,15.348,66.27,0,U_Red_L,Practice,Expected,Red,Right,81.618,66.565,-31.322,0.95,505.941,,24.678,0,,-1,-1,,-1
999,Day,15.348,66.307,0,U_Red_L,Practice,Expected,Red,Right,81.655,66.602,-31.427,0.953,506.334,,24.747,0,,-1,-1,,-1
999,Day,15.348,66.341,0,U_Red_L,Practice,Expected,Red,Right,81.689,66.635,-31.523,0.953,506.7,,24.81,0,,-1,-1,,-1
999,Day,15.348,66.381,0,U_Red_L,Practice,Expected,Red,Right,81.729,66.675,-31.635,0.957,507.131,,24.844,0,,-1,-1,,-1
999,Day,15.348,66.416,0,U_Red_L,Practice,Expected,Red,Right,81.764,66.71,-31.731,0.955,507.507,,24.905,0,,-1,-1,,-1
999,Day,15.348,66.457,0,U_Red_L,Practice,Expected,Red,Right,81.805,66.752,-31.842,0.96,507.945,,24.965,0,,-1,-1,,-1
999,Day,15.348,66.492,0,U_Red_L,Practice,Expected,Red,Right,81.84,66.786,-31.938,0.958,508.332,,25.013,0,,-1,-1,,-1
999,Day,15.348,66.521,0,U_Red_L,Practice,Expected,Red,Right,81.869,66.815,-32.017,0.963,508.649,,25.032,0,,-1,-1,,-1
999,Day,15.348,66.571,0,U_Red_L,Practice,Expected,Red,Right,81.919,66.865,-32.143,0.956,509.168,,25.128,0,,-1,-1,,-1
999,Day,15.348,66.593,0,U_Red_L,Practice,Expected,Red,Right,81.941,66.888,-32.206,0.964,509.428,,25.147,0,,-1,-1,,-1
999,Day,15.348,66.626,0,U_Red_L,Practice,Expected,Red,Right,81.973,66.92,-32.292,0.965,509.787,,25.207,0,,-1,-1,,-1
999,Day,15.348,66.657,0,U_Red_L,Practice,Expected,Red,Right,82.005,66.952,-32.375,0.96,510.137,,25.246,0,,-1,-1,,-1
999,Day,15.348,66.69,0,U_Red_L,Practice,Expected,Red,Right,82.038,66.985,-32.461,0.968,510.501,,25.291,0,,-1,-1,,-1
999,Day,15.348,66.724,0,U_Red_L,Practice,Expected,Red,Right,82.072,67.019,-32.548,0.965,510.87,,25.361,0,,-1,-1,,-1
999,Day,15.348,66.779,0,U_Red_L,Practice,Expected,Red,Right,82.127,67.074,-32.69,0.97,511.476,,25.409,0,,-1,-1,,-1
999,Day,15.348,66.792,0,U_Red_L,Practice,Expected,Red,Right,82.14,67.087,-32.726,0.969,511.635,,25.442,0,,-1,-1,,-1
999,Day,15.348,66.825,0,U_Red_L,Practice,Expected,Red,Right,82.173,67.12,-32.806,0.964,511.982,,25.483,0,,-1,-1,,-1
999,Day,15.348,66.855,0,U_Red_L,Practice,Expected,Red,Right,82.203,67.15,-32.886,0.971,512.326,,25.528,0,,-1,-1,,-1
999,Day,15.348,66.885,0,U_Red_L,Practice,Expected,Red,Right,82.233,67.18,-32.963,0.969,512.659,,25.561,0,,-1,-1,,-1
999,Day,15.348,66.943,0,U_Red_L,Practice,Expected,Red,Right,82.291,67.238,-33.108,0.973,513.288,,25.648,0,,-1,-1,,-1
999,Day,15.348,66.959,0,U_Red_L,Practice,Expected,Red,Right,82.307,67.254,-33.155,0.972,513.495,,25.681,0,,-1,-1,,-1
999,Day,15.348,66.981,0,U_Red_L,Practice,Expected,Red,Right,82.329,67.276,-33.209,0.968,513.731,,25.718,0,,-1,-1,,-1
999,Day,15.348,67.015,0,U_Red_L,Practice,Expected,Red,Right,82.363,67.31,-33.296,0.973,514.109,,25.742,0,,-1,-1,,-1
999,Day,15.348,67.047,0,U_Red_L,Practice,Expected,Red,Right,82.395,67.342,-33.379,0.973,514.468,,25.801,0,,-1,-1,,-1
999,Day,15.348,67.08,0,U_Red_L,Practice,Expected,Red,Right,82.428,67.375,-33.466,0.971,514.845,,25.845,0,,-1,-1,,-1
999,Day,15.348,67.114,0,U_Red_L,Practice,Expected,Red,Right,82.462,67.408,-33.552,0.975,515.217,,25.889,0,,-1,-1,,-1
999,Day,15.348,67.144,0,U_Red_L,Practice,Expected,Red,Right,82.492,67.439,-33.631,0.972,515.562,,25.959,0,,-1,-1,,-1
999,Day,15.348,67.175,0,U_Red_L,Practice,Expected,Red,Right,82.523,67.47,-33.714,0.975,515.919,,25.983,0,,-1,-1,,-1
999,Day,15.348,67.208,0,U_Red_L,Practice,Expected,Red,Right,82.556,67.503,-33.8,0.976,516.291,,26.042,0,,-1,-1,,-1
999,Day,15.348,67.238,0,U_Red_L,Practice,Expected,Red,Right,82.586,67.533,-33.879,0.971,516.628,,26.087,0,,-1,-1,,-1
999,Day,15.348,67.264,0,U_Red_L,Practice,Expected,Red,Right,82.612,67.559,-33.949,0.977,516.93,,26.104,0,,-1,-1,,-1
999,Day,15.348,67.293,0,U_Red_L,Practice,Expected,Red,Right,82.64,67.587,-34.022,0.977,517.242,,26.163,0,,-1,-1,,-1
999,Day,15.348,67.316,0,U_Red_L,Practice,Expected,Red,Right,82.664,67.611,-34.089,0.973,517.529,,26.2,0,,-1,-1,,-1
999,Day,15.348,67.343,0,U_Red_L,Practice,Expected,Red,Right,82.691,67.637,-34.159,0.977,517.823,,26.225,0,,-1,-1,,-1
999,Day,15.348,67.365,0,U_Red_L,Practice,Expected,Red,Right,82.712,67.659,-34.219,0.979,518.08,,26.251,0,,-1,-1,,-1
999,Day,15.348,67.389,0,U_Red_L,Practice,Expected,Red,Right,82.737,67.683,-34.283,0.977,518.348,,26.321,0,,-1,-1,,-1
999,Day,15.348,67.41,0,U_Red_L,Practice,Expected,Red,Right,82.758,67.705,-34.343,0.975,518.604,,26.329,0,,-1,-1,,-1
999,Day,15.348,67.433,0,U_Red_L,Practice,Expected,Red,Right,82.781,67.728,-34.405,0.98,518.862,,26.346,0,,-1,-1,,-1
999,Day,15.348,67.456,0,U_Red_L,Practice,Expected,Red,Right,82.804,67.751,-34.465,0.98,519.116,,26.405,0,,-1,-1,,-1
999,Day,15.348,67.473,0,U_Red_L,Practice,Expected,Red,Right,82.821,67.768,-34.513,0.978,519.318,,26.442,0,,-1,-1,,-1
999,Day,15.348,67.495,0,U_Red_L,Practice,Expected,Red,Right,82.843,67.79,-34.574,0.977,519.573,,26.45,0,,-1,-1,,-1
999,Day,15.348,67.51,0,U_Red_L,Practice,Expected,Red,Right,82.858,67.805,-34.616,0.98,519.748,,26.467,0,,-1,-1,,-1
999,Day,15.348,67.53,0,U_Red_L,Practice,Expected,Red,Right,82.878,67.825,-34.671,0.982,519.979,,26.493,0,,-1,-1,,-1
999,Day,15.348,67.547,0,U_Red_L,Practice,Expected,Red,Right,82.895,67.841,-34.717,0.981,520.169,,26.526,0,,-1,-1,,-1
999,Day,15.348,67.566,0,U_Red_L,Practice,Expected,Red,Right,82.914,67.861,-34.769,0.977,520.387,,26.563,0,,-1,-1,,-1
999,Day,15.348,67.586,0,U_Red_L,Practice,Expected,Red,Right,82.934,67.881,-34.824,0.98,520.612,,26.571,0,,-1,-1,,-1
999,Day,15.348,67.6,0,U_Red_L,Practice,Expected,Red,Right,82.948,67.895,-34.865,0.982,520.782,,26.588,0,,-1,-1,,-1
999,Day,15.348,67.622,0,U_Red_L,Practice,Expected,Red,Right,82.97,67.916,-34.923,0.983,521.021,,26.614,0,,-1,-1,,-1
999,Day,15.348,67.638,0,U_Red_L,Practice,Expected,Red,Right,82.985,67.932,-34.969,0.981,521.211,,26.646,0,,-1,-1,,-1
999,Day,15.348,67.658,0,U_Red_L,Practice,Expected,Red,Right,83.006,67.952,-35.023,0.977,521.434,,26.724,0,,-1,-1,,-1
999,Day,15.348,67.673,0,U_Red_L,Practice,Expected,Red,Right,83.021,67.968,-35.069,0.973,521.626,,26.714,0,,-1,-1,,-1
999,Day,15.348,67.693,0,U_Red_L,Practice,Expected,Red,Right,83.041,67.987,-35.124,0.983,521.849,,26.732,0,,-1,-1,,-1
999,Day,15.348,67.71,0,U_Red_L,Practice,Expected,Red,Right,83.057,68.004,-35.173,0.984,522.048,,26.758,0,,-1,-1,,-1
999,Day,15.348,67.729,0,U_Red_L,Practice,Expected,Red,Right,83.077,68.024,-35.228,0.984,522.274,,26.791,0,,-1,-1,,-1
999,Day,15.348,67.744,0,U_Red_L,Practice,Expected,Red,Right,83.092,68.039,-35.272,0.981,522.455,,26.828,0,,-1,-1,,-1
999,Day,15.348,67.765,0,U_Red_L,Practice,Expected,Red,Right,83.113,68.06,-35.33,0.976,522.693,,26.869,0,,-1,-1,,-1
999,Day,15.348,67.781,0,U_Red_L,Practice,Expected,Red,Right,83.129,68.076,-35.378,0.98,522.886,,26.858,0,,-1,-1,,-1
999,Day,15.348,67.799,0,U_Red_L,Practice,Expected,Red,Right,83.147,68.093,-35.43,0.985,523.093,,26.877,0,,-1,-1,,-1
999,Day,15.348,67.821,0,U_Red_L,Practice,Expected,Red,Right,83.169,68.116,-35.491,0.986,523.341,,26.903,0,,-1,-1,,-1
999,Day,15.348,67.841,0,U_Red_L,Practice,Expected,Red,Right,83.189,68.135,-35.546,0.984,523.562,,26.973,0,,-1,-1,,-1
999,Day,15.348,67.859,0,U_Red_L,Practice,Expected,Red,Right,83.206,68.153,-35.6,0.979,523.785,,27.013,0,,-1,-1,,-1
999,Day,15.348,67.876,0,U_Red_L,Practice,Expected,Red,Right,83.223,68.17,-35.651,0.978,523.988,,27.003,0,,-1,-1,,-1
999,Day,15.348,67.894,0,U_Red_L,Practice,Expected,Red,Right,83.242,68.188,-35.703,0.986,524.197,,27.021,0,,-1,-1,,-1
999,Day,15.348,67.911,0,U_Red_L,Practice,Expected,Red,Right,83.259,68.206,-35.755,0.988,524.405,,27.048,0,,-1,-1,,-1
999,Day,15.348,67.93,0,U_Red_L,Practice,Expected,Red,Right,83.278,68.224,-35.809,0.987,524.623,,27.08,0,,-1,-1,,-1
999,Day,15.348,67.948,0,U_Red_L,Practice,Expected,Red,Right,83.296,68.243,-35.863,0.984,524.838,,27.117,0,,-1,-1,,-1
999,Day,15.348,67.964,0,U_Red_L,Practice,Expected,Red,Right,83.312,68.259,-35.91,0.979,525.025,,27.158,0,,-1,-1,,-1
999,Day,15.348,67.984,0,U_Red_L,Practice,Expected,Red,Right,83.332,68.279,-35.969,0.985,525.259,,27.148,0,,-1,-1,,-1
999,Day,15.348,68.01,0,U_Red_L,Practice,Expected,Red,Right,83.358,68.305,-36.043,0.99,525.554,,27.192,0,,-1,-1,,-1
999,Day,15.348,68.027,0,U_Red_L,Practice,Expected,Red,Right,83.375,68.322,-36.098,0.989,525.771,,27.224,0,,-1,-1,,-1
999,Day,15.348,68.045,0,U_Red_L,Practice,Expected,Red,Right,83.393,68.339,-36.147,0.987,525.967,,27.261,0,,-1,-1,,-1
999,Day,15.348,68.06,0,U_Red_L,Practice,Expected,Red,Right,83.408,68.355,-36.196,0.983,526.161,,27.302,0,,-1,-1,,-1
999,Day,15.348,68.074,0,U_Red_L,Practice,Expected,Red,Right,83.422,68.369,-36.236,0.981,526.322,,27.293,0,,-1,-1,,-1
999,Day,15.348,68.091,0,U_Red_L,Practice,Expected,Red,Right,83.439,68.386,-36.288,0.989,526.525,,27.31,0,,-1,-1,,-1
999,Day,15.348,68.106,0,U_Red_L,Practice,Expected,Red,Right,83.454,68.401,-36.334,0.991,526.703,,27.336,0,,-1,-1,,-1
999,Day,15.348,68.128,0,U_Red_L,Practice,Expected,Red,Right,83.476,68.423,-36.4,0.991,526.964,,27.369,0,,-1,-1,,-1
999,Day,15.348,68.148,0,U_Red_L,Practice,Expected,Red,Right,83.496,68.443,-36.459,0.988,527.196,,27.405,0,,-1,-1,,-1
999,Day,15.348,68.164,0,U_Red_L,Practice,Expected,Red,Right,83.512,68.459,-36.508,0.983,527.392,,27.446,0,,-1,-1,,-1
999,Day,15.348,68.182,0,U_Red_L,Practice,Expected,Red,Right,83.53,68.476,-36.56,0.987,527.593,,27.437,0,,-1,-1,,-1
999,Day,15.348,68.196,0,U_Red_L,Practice,Expected,Red,Right,83.544,68.491,-36.606,0.992,527.774,,27.455,0,,-1,-1,,-1
999,Day,15.348,68.216,0,U_Red_L,Practice,Expected,Red,Right,83.563,68.51,-36.665,0.993,528.002,,27.48,0,,-1,-1,,-1
999,Day,15.348,68.231,0,U_Red_L,Practice,Expected,Red,Right,83.579,68.526,-36.714,0.992,528.194,,27.512,0,,-1,-1,,-1
999,Day,15.348,68.25,0,U_Red_L,Practice,Expected,Red,Right,83.598,68.545,-36.769,0.989,528.409,,27.549,0,,-1,-1,,-1
999,Day,15.348,68.267,0,U_Red_L,Practice,Expected,Red,Right,83.615,68.561,-36.822,0.984,528.618,,27.589,0,,-1,-1,,-1
999,Day,15.348,68.288,0,U_Red_L,Practice,Expected,Red,Right,83.636,68.583,-36.886,0.992,528.862,,27.599,0,,-1,-1,,-1
999,Day,15.348,68.307,0,U_Red_L,Practice,Expected,Red,Right,83.654,68.601,-36.944,0.995,529.088,,27.624,0,,-1,-1,,-1
999,Day,15.348,68.323,0,U_Red_L,Practice,Expected,Red,Right,83.671,68.618,-36.997,0.995,529.292,,27.656,0,,-1,-1,,-1
999,Day,15.348,68.341,0,U_Red_L,Practice,Expected,Red,Right,83.689,68.636,-37.051,0.993,529.504,,27.693,0,,-1,-1,,-1
999,Day,15.348,68.358,0,U_Red_L,Practice,Expected,Red,Right,83.706,68.653,-37.105,0.988,529.713,,27.733,0,,-1,-1,,-1
999,Day,15.348,68.376,0,U_Red_L,Practice,Expected,Red,Right,83.724,68.671,-37.16,0.988,529.924,,27.725,0,,-1,-1,,-1
999,Day,15.348,68.395,0,U_Red_L,Practice,Expected,Red,Right,83.743,68.69,-37.22,0.995,530.152,,27.742,0,,-1,-1,,-1
999,Day,15.348,68.412,0,U_Red_L,Practice,Expected,Red,Right,83.76,68.707,-37.273,0.997,530.357,,27.768,0,,-1,-1,,-1
999,Day,15.348,68.428,0,U_Red_L,Practice,Expected,Red,Right,83.776,68.723,-37.324,0.996,530.551,,27.8,0,,-1,-1,,-1
999,Day,15.348,68.448,0,U_Red_L,Practice,Expected,Red,Right,83.796,68.743,-37.384,0.993,530.785,,27.836,0,,-1,-1,,-1
999,Day,15.348,68.463,0,U_Red_L,Practice,Expected,Red,Right,83.811,68.758,-37.433,0.989,530.973,,27.876,0,,-1,-1,,-1
999,Day,15.348,68.483,0,U_Red_L,Practice,Expected,Red,Right,83.83,68.777,-37.492,0.992,531.198,,27.869,0,,-1,-1,,-1
999,Day,15.348,68.497,0,U_Red_L,Practice,Expected,Red,Right,83.845,68.792,-37.541,0.997,531.384,,27.886,0,,-1,-1,,-1
999,Day,15.348,68.516,0,U_Red_L,Practice,Expected,Red,Right,83.863,68.81,-37.6,0.998,531.606,,27.911,0,,-1,-1,,-1
999,Day,15.348,68.532,0,U_Red_L,Practice,Expected,Red,Right,83.88,68.827,-37.653,0.997,531.807,,27.943,0,,-1,-1,,-1
999,Day,15.348,68.55,0,U_Red_L,Practice,Expected,Red,Right,83.898,68.845,-37.709,0.994,532.023,,27.98,0,,-1,-1,,-1
999,Day,15.348,68.567,0,U_Red_L,Practice,Expected,Red,Right,83.915,68.862,-37.763,0.989,532.227,,28.02,0,,-1,-1,,-1
999,Day,15.348,68.585,0,U_Red_L,Practice,Expected,Red,Right,83.933,68.88,-37.82,0.996,532.443,,28.013,0,,-1,-1,,-1
999,Day,15.348,68.601,0,U_Red_L,Practice,Expected,Red,Right,83.949,68.896,-37.873,0.999,532.641,,28.03,0,,-1,-1,,-1
999,Day,15.348,68.621,0,U_Red_L,Practice,Expected,Red,Right,83.968,68.915,-37.933,1,532.867,,28.055,0,,-1,-1,,-1
999,Day,15.348,68.638,0,U_Red_L,Practice,Expected,Red,Right,83.986,68.932,-37.988,0.998,533.075,,28.087,0,,-1,-1,,-1
999,Day,15.348,68.656,0,U_Red_L,Practice,Expected,Red,Right,84.004,68.95,-38.044,0.995,533.286,,28.163,0,,-1,-1,,-1
999,Day,15.348,68.675,0,U_Red_L,Practice,Expected,Red,Right,84.023,68.97,-38.109,0.992,533.533,,28.156,0,,-1,-1,,-1
999,Day,15.348,68.691,0,U_Red_L,Practice,Expected,Red,Right,84.039,68.986,-38.163,0.999,533.733,,28.173,0,,-1,-1,,-1
999,Day,15.348,68.71,0,U_Red_L,Practice,Expected,Red,Right,84.057,69.004,-38.223,1.001,533.955,,28.199,0,,-1,-1,,-1
999,Day,15.348,68.727,0,U_Red_L,Practice,Expected,Red,Right,84.075,69.022,-38.281,1.001,534.172,,28.23,0,,-1,-1,,-1
999,Day,15.348,68.745,0,U_Red_L,Practice,Expected,Red,Right,84.093,69.04,-38.338,0.998,534.387,,28.267,0,,-1,-1,,-1
999,Day,15.348,68.761,0,U_Red_L,Practice,Expected,Red,Right,84.109,69.056,-38.392,0.994,534.589,,28.307,0,,-1,-1,,-1
999,Day,15.348,68.78,0,U_Red_L,Practice,Expected,Red,Right,84.128,69.075,-38.451,0.996,534.809,,28.3,0,,-1,-1,,-1
999,Day,15.348,68.796,0,U_Red_L,Practice,Expected,Red,Right,84.144,69.09,-38.506,1.001,535.009,,28.317,0,,-1,-1,,-1
999,Day,15.348,68.814,0,U_Red_L,Practice,Expected,Red,Right,84.162,69.109,-38.566,1.003,535.232,,28.342,0,,-1,-1,,-1
999,Day,15.348,68.831,0,U_Red_L,Practice,Expected,Red,Right,84.179,69.125,-38.621,1.002,535.437,,28.374,0,,-1,-1,,-1
999,Day,15.348,68.848,0,U_Red_L,Practice,Expected,Red,Right,84.196,69.143,-38.679,0.999,535.652,,28.41,0,,-1,-1,,-1
999,Day,15.348,68.875,0,U_Red_L,Practice,Expected,Red,Right,84.223,69.169,-38.762,0.994,535.958,,28.444,0,,-1,-1,,-1
999,Day,15.348,68.89,0,U_Red_L,Practice,Expected,Red,Right,84.238,69.185,-38.82,1.001,536.169,,28.461,0,,-1,-1,,-1
999,Day,15.348,68.905,0,U_Red_L,Practice,Expected,Red,Right,84.253,69.2,-38.867,1.004,536.34,,28.486,0,,-1,-1,,-1
999,Day,15.348,68.918,0,U_Red_L,Practice,Expected,Red,Right,84.266,69.212,-38.915,1.004,536.518,,28.486,0,,-1,-1,,-1
999,Day,15.348,68.936,0,U_Red_L,Practice,Expected,Red,Right,84.284,69.231,-38.974,1.003,536.733,,28.517,0,,-1,-1,,-1
999,Day,15.348,68.955,0,U_Red_L,Practice,Expected,Red,Right,84.303,69.25,-39.035,0.999,536.955,,28.593,0,,-1,-1,,-1
999,Day,15.348,68.969,0,U_Red_L,Practice,Expected,Red,Right,84.317,69.264,-39.088,0.994,537.153,,28.593,0,,-1,-1,,-1
999,Day,15.348,68.99,0,U_Red_L,Practice,Expected,Red,Right,84.338,69.284,-39.151,1.002,537.378,,28.604,0,,-1,-1,,-1
999,Day,15.348,69.007,0,U_Red_L,Practice,Expected,Red,Right,84.355,69.301,-39.213,1.005,537.602,,28.629,0,,-1,-1,,-1
999,Day,15.348,69.025,0,U_Red_L,Practice,Expected,Red,Right,84.373,69.32,-39.275,1.005,537.829,,28.661,0,,-1,-1,,-1
999,Day,15.348,69.043,0,U_Red_L,Practice,Expected,Red,Right,84.391,69.338,-39.336,1.003,538.049,,28.697,0,,-1,-1,,-1
999,Day,15.348,69.064,0,U_Red_L,Practice,Expected,Red,Right,84.412,69.359,-39.406,0.997,538.304,,28.737,0,,-1,-1,,-1
999,Day,15.348,69.096,0,U_Red_L,Practice,Expected,Red,Right,84.444,69.39,-39.513,1.005,538.688,,28.738,0,,-1,-1,,-1
999,Day,15.348,69.124,0,U_Red_L,Practice,Expected,Red,Right,84.472,69.419,-39.61,1.007,539.036,,28.75,0,,-1,-1,,-1
