ParticipantID,Block,TrialIndex,Scene,Event,TimeAbs,TrialTimeRel,X,Y,Z,LaneDeviation,LaneDeviationCount,SpeedMPH,TrialEndRel,SurveyResponse,SurveyResponseCorrect,SurveyRT,BrakeInput,ThrottleInput,SteeringInput,Car2Merge,MergeRTSteer,MergeRTBrake,MergeRTThrottle,Collision,Car2DecelStartRel,Car2CollisionAbs,TimeToCollision
UNKNOWN,0,-1,SubBlock,Practice,2.692,-1,,,,,0,0,-1,,,-1,0,0,0,0,,,,0,,,
UNKNOWN,0,-1,SubBlock,Practice,2.822,-1,,,,,0,0,-1,,,-1,0,0,0,0,,,,0,,,
UNKNOWN,0,-1,SubBlock,Practice,2.858,-1,,,,,0,0,-1,,,-1,0,0,0,0,,,,0,,,
UNKNOWN,0,-1,SubBlock,Practice,2.877,-1,,,,,0,0,-1,,,-1,0,0,0,0,,,,0,,,
UNKNOWN,0,-1,SubBlock,Practice,2.892,-1,,,,,0,0,-1,,,-1,0,0,0,0,,,,0,,,
UNKNOWN,0,-1,SubBlock,Practice,2.908,-1,,,,,0,0,-1,,,-1,0,0,0,0,,,,0,,,
UNKNOWN,0,-1,SubBlock,Practice,2.925,-1,,,,,0,0,-1,,,-1,0,0,0,0,,,,0,,,
UNKNOWN,0,-1,SubBlock,Practice,2.942,-1,,,,,0,0,-1,,,-1,0,0,0,0,,,,0,,,
UNKNOWN,0,-1,SubBlock,Practice,2.959,-1,,,,,0,0,-1,,,-1,0,0,0,0,,,,0,,,
UNKNOWN,0,-1,SubBlock,Practice,2.975,-1,,,,,0,0,-1,,,-1,0,0,0,0,,,,0,,,
UNKNOWN,0,-1,SubBlock,Practice,2.992,-1,,,,,0,0,-1,,,-1,0,0,0,0,,,,0,,,
UNKNOWN,0,-1,SubBlock,Practice,3.009,-1,,,,,0,0,-1,,,-1,0,0,0,0,,,,0,,,
UNKNOWN,0,-1,SubBlock,Practice,3.025,-1,,,,,0,0,-1,,,-1,0,0,0,0,,,,0,,,
UNKNOWN,0,-1,SubBlock,Practice,3.041,-1,,,,,0,0,-1,,,-1,0,0,0,0,,,,0,,,
UNKNOWN,0,-1,SubBlock,Practice,3.058,-1,,,,,0,0,-1,,,-1,0,0,0,0,,,,0,,,
UNKNOWN,0,-1,SubBlock,Practice,3.074,-1,,,,,0,0,-1,,,-1,0,0,0,0,,,,0,,,
UNKNOWN,0,-1,SubBlock,Practice,3.091,-1,,,,,0,0,-1,,,-1,0,0,0,0,,,,0,,,
UNKNOWN,0,-1,SubBlock,Practice,3.108,-1,,,,,0,0,-1,,,-1,0,0,0,0,,,,0,,,
UNKNOWN,0,-1,SubBlock,Practice,3.124,-1,,,,,0,0,-1,,,-1,0,0,0,0,,,,0,,,
UNKNOWN,0,-1,SubBlock,Practice,3.141,-1,,,,,0,0,-1,,,-1,0,0,0,0,,,,0,,,
UNKNOWN,0,-1,SubBlock,Practice,3.158,-1,,,,,0,0,-1,,,-1,0,0,0,0,,,,0,,,
UNKNOWN,0,-1,SubBlock,Practice,3.174,-1,,,,,0,0,-1,,,-1,0,0,0,0,,,,0,,,
UNKNOWN,0,-1,SubBlock,Practice,3.191,-1,,,,,0,0,-1,,,-1,0,0,0,0,,,,0,,,
UNKNOWN,0,-1,SubBlock,Practice,3.209,-1,,,,,0,0,-1,,,-1,0,0,0,0,,,,0,,,
UNKNOWN,0,-1,SubBlock,Practice,3.225,-1,,,,,0,0,-1,,,-1,0,0,0,0,,,,0,,,
UNKNOWN,0,-1,SubBlock,Practice,3.241,-1,,,,,0,0,-1,,,-1,0,0,0,0,,,,0,,,
UNKNOWN,0,-1,SubBlock,Practice,3.258,-1,,,,,0,0,-1,,,-1,0,0,0,0,,,,0,,,
UNKNOWN,0,-1,SubBlock,Practice,3.274,-1,,,,,0,0,-1,,,-1,0,0,0,0,,,,0,,,
UNKNOWN,0,-1,SubBlock,Practice,3.291,-1,,,,,0,0,-1,,,-1,0,0,0,0,,,,0,,,
UNKNOWN,0,-1,SubBlock,Practice,3.308,-1,,,,,0,0,-1,,,-1,0,0,0,0,,,,0,,,
UNKNOWN,0,-1,SubBlock,Practice,3.324,-1,,,,,0,0,-1,,,-1,0,0,0,0,,,,0,,,
UNKNOWN,0,-1,SubBlock,Practice,3.341,-1,,,,,0,0,-1,,,-1,0,0,0,0,,,,0,,,
UNKNOWN,0,-1,SubBlock,Practice,3.358,-1,,,,,0,0,-1,,,-1,0,0,0,0,,,,0,,,
UNKNOWN,0,-1,SubBlock,Practice,3.408,-1,,,,,0,0,-1,,,-1,0,0,0,0,,,,0,,,
UNKNOWN,0,-1,SubBlock,Practice,3.508,-1,,,,,0,0,-1,,,-1,0,0,0,0,,,,0,,,
UNKNOWN,0,-1,SubBlock,Practice,3.608,-1,,,,,0,0,-1,,,-1,0,0,0,0,,,,0,,,
UNKNOWN,0,-1,SubBlock,Practice,3.711,-1,,,,,0,0,-1,,,-1,0,0,0,0,,,,0,,,
UNKNOWN,0,-1,SubBlock,Practice,3.808,-1,,,,,0,0,-1,,,-1,0,0,0,0,,,,0,,,
UNKNOWN,0,-1,SubBlock,Practice,3.908,-1,,,,,0,0,-1,,,-1,0,0,0,0,,,,0,,,
UNKNOWN,0,-1,SubBlock,Practice,4.008,-1,,,,,0,0,-1,,,-1,0,0,0,0,,,,0,,,
UNKNOWN,0,-1,SubBlock,Practice,4.108,-1,,,,,0,0,-1,,,-1,0,0,0,0,,,,0,,,
UNKNOWN,0,-1,SubBlock,Practice,4.208,-1,,,,,0,0,-1,,,-1,0,0,0,0,,,,0,,,
UNKNOWN,0,-1,SubBlock,Practice,4.307,-1,,,,,0,0,-1,,,-1,0,0,0,0,,,,0,,,
UNKNOWN,0,-1,SubBlock,Practice,4.408,-1,,,,,0,0,-1,,,-1,0,0,0,0,,,,0,,,
UNKNOWN,0,-1,SubBlock,Practice,4.508,-1,,,,,0,0,-1,,,-1,0,0,0,0,,,,0,,,
UNKNOWN,0,-1,SubBlock,Practice,4.608,-1,,,,,0,0,-1,,,-1,0,0,0,0,,,,0,,,
UNKNOWN,0,-1,SubBlock,Practice,4.709,-1,,,,,0,0,-1,,,-1,0,0,0,0,,,,0,,,
UNKNOWN,0,-1,SubBlock,Practice,4.809,-1,,,,,0,0,-1,,,-1,0,0,0,0,,,,0,,,
UNKNOWN,0,-1,SubBlock,Practice,4.908,-1,,,,,0,0,-1,,,-1,0,0,0,0,,,,0,,,
UNKNOWN,0,-1,SubBlock,Practice,5.008,-1,,,,,0,0,-1,,,-1,0,0,0,0,,,,0,,,
UNKNOWN,0,-1,SubBlock,Practice,5.108,-1,,,,,0,0,-1,,,-1,0,0,0,0,,,,0,,,
UNKNOWN,0,-1,SubBlock,Practice,5.209,-1,,,,,0,0,-1,,,-1,0,0,0,0,,,,0,,,
UNKNOWN,0,-1,SubBlock,Practice,5.311,-1,,,,,0,0,-1,,,-1,0,0,0,0,,,,0,,,
UNKNOWN,0,-1,SubBlock,Practice,5.409,-1,,,,,0,0,-1,,,-1,0,0,0,0,,,,0,,,
UNKNOWN,0,-1,SubBlock,Practice,5.51,-1,,,,,0,0,-1,,,-1,0,0,0,0,,,,0,,,
UNKNOWN,0,-1,SubBlock,Practice,5.608,-1,,,,,0,0,-1,,,-1,0,0,0,0,,,,0,,,
UNKNOWN,0,-1,SubBlock,Practice,5.71,-1,,,,,0,0,-1,,,-1,0,0,0,0,,,,0,,,
UNKNOWN,0,-1,SubBlock,Practice,5.808,-1,,,,,0,0,-1,,,-1,0,0,0,0,,,,0,,,
UNKNOWN,0,-1,SubBlock,Practice,5.927,-1,,,,,0,0,-1,,,-1,0,0,0,0,,,,0,,,
UNKNOWN,0,-1,SubBlock,Practice,6.009,-1,,,,,0,0,-1,,,-1,0,0,0,0,,,,0,,,
UNKNOWN,0,-1,SubBlock,Practice,6.108,-1,,,,,0,0,-1,,,-1,0,0,0,0,,,,0,,,
UNKNOWN,0,-1,SubBlock,Practice,6.208,-1,,,,,0,0,-1,,,-1,0,0,0,0,,,,0,,,
UNKNOWN,0,-1,SubBlock,Practice,6.308,-1,,,,,0,0,-1,,,-1,0,0,0,0,,,,0,,,
UNKNOWN,0,-1,SubBlock,Practice,6.409,-1,,,,,0,0,-1,,,-1,0,0,0,0,,,,0,,,
UNKNOWN,0,-1,SubBlock,Practice,6.509,-1,,,,,0,0,-1,,,-1,0,0,0,0,,,,0,,,
UNKNOWN,0,-1,SubBlock,Practice,6.609,-1,,,,,0,0,-1,,,-1,0,0,0,0,,,,0,,,
UNKNOWN,0,-1,SubBlock,Practice,6.709,-1,,,,,0,0,-1,,,-1,0,0,0,0,,,,0,,,
dc1,Night,-1,SubBlock,Practice,6.803,-1,,,,,0,0,-1,,,-1,0,0,0,0,,,,0,,,
dc1,Night,-1,SubBlock,Practice,6.81,-1,,,,,0,0,-1,,,-1,0,0,0,0,,,,0,,,
dc1,Night,-1,SubBlock,Practice,6.908,-1,,,,,0,0,-1,,,-1,0,0,0,0,,,,0,,,
dc1,Night,-1,SubBlock,Practice,7.008,-1,,,,,0,0,-1,,,-1,0,0,0,0,,,,0,,,
dc1,Night,-1,SubBlock,Practice,7.109,-1,,,,,0,0,-1,,,-1,0,0,0,0,,,,0,,,
dc1,Night,-1,SubBlock,Practice,7.208,-1,,,,,0,0,-1,,,-1,0,0,0,0,,,,0,,,
dc1,Night,-1,SubBlock,Practice,7.308,-1,,,,,0,0,-1,,,-1,0,0,0,0,,,,0,,,
dc1,Night,-1,SubBlock,Practice,7.408,-1,,,,,0,0,-1,,,-1,0,0,0,0,,,,0,,,
dc1,Night,-1,SubBlock,Practice,7.509,-1,,,,,0,0,-1,,,-1,0,0,0,0,,,,0,,,
dc1,Night,-1,SubBlock,Practice,7.611,-1,,,,,0,0,-1,,,-1,0,0,0,0,,,,0,,,
dc1,Night,-1,SubBlock,Practice,7.708,-1,,,,,0,0,-1,,,-1,0,0,0,0,,,,0,,,
dc1,Night,-1,SubBlock,Practice,7.81,-1,,,,,0,0,-1,,,-1,0,0,0,0,,,,0,,,
dc1,Night,-1,SubBlock,Practice,7.909,-1,,,,,0,0,-1,,,-1,0,0,0,0,,,,0,,,
dc1,Night,-1,SubBlock,Practice,8.009,-1,,,,,0,0,-1,,,-1,0,0,0,0,,,,0,,,
dc1,Night,-1,SubBlock,Practice,8.108,-1,,,,,0,0,-1,,,-1,0,0,0,0,,,,0,,,
dc1,Night,-1,SubBlock,Practice,8.208,-1,,,,,0,0,-1,,,-1,0,0,0,0,,,,0,,,
dc1,Night,-1,SubBlock,Practice,8.308,-1,,,,,0,0,-1,,,-1,0,0,0,0,,,,0,,,
dc1,Night,-1,SubBlock,Practice,8.408,-1,,,,,0,0,-1,,,-1,0,0,0,0,,,,0,,,
dc1,Night,-1,SubBlock,Practice,8.508,-1,,,,,0,0,-1,,,-1,0,0,0,0,,,,0,,,
dc1,Night,-1,SubBlock,Practice,8.61,-1,,,,,0,0,-1,,,-1,0,0,0,0,,,,0,,,
dc1,Night,-1,SubBlock,Practice,8.708,-1,,,,,0,0,-1,,,-1,0,0,0,0,,,,0,,,
dc1,Night,-1,SubBlock,Practice,8.809,-1,,,,,0,0,-1,,,-1,0,0,0,0,,,,0,,,
dc1,Night,-1,SubBlock,Practice,8.909,-1,,,,,0,0,-1,,,-1,0,0,0,0,,,,0,,,
dc1,Night,-1,SubBlock,Practice,9.011,-1,,,,,0,0,-1,,,-1,0,0,0,0,,,,0,,,
dc1,Night,-1,SubBlock,Practice,9.108,-1,,,,,0,0,-1,,,-1,0,0,0,0,,,,0,,,
dc1,Night,-1,SubBlock,Practice,9.208,-1,,,,,0,0,-1,,,-1,0,0,0,0,,,,0,,,
dc1,Night,-1,SubBlock,Practice,9.308,-1,,,,,0,0,-1,,,-1,0,0,0,0,,,,0,,,
dc1,Night,-1,SubBlock,Practice,9.408,-1,,,,,0,0,-1,,,-1,0,0,0,0,,,,0,,,
dc1,Night,-1,SubBlock,Practice,9.508,-1,,,,,0,0,-1,,,-1,0,0,0,0,,,,0,,,
dc1,Night,-1,SubBlock,Practice,9.608,-1,,,,,0,0,-1,,,-1,0,0,0,0,,,,0,,,
dc1,Night,-1,SubBlock,Practice,9.708,-1,,,,,0,0,-1,,,-1,0,0,0,0,,,,0,,,
dc1,Night,-1,SubBlock,Practice,9.808,-1,,,,,0,0,-1,,,-1,0,0,0,0,,,,0,,,
dc1,Night,-1,SubBlock,Practice,9.907,-1,,,,,0,0,-1,,,-1,0,0,0,0,,,,0,,,
dc1,Night,-1,SubBlock,Practice,10.009,-1,,,,,0,0,-1,,,-1,0,0,0,0,,,,0,,,
dc1,Night,-1,SubBlock,Practice,10.108,-1,,,,,0,0,-1,,,-1,0,0,0,0,,,,0,,,
dc1,Night,-1,SubBlock,Practice,10.208,-1,,,,,0,0,-1,,,-1,0,0,0,0,,,,0,,,
dc1,Night,-1,SubBlock,Practice,10.308,-1,,,,,0,0,-1,,,-1,0,0,0,0,,,,0,,,
dc1,Night,-1,SubBlock,Practice,10.408,-1,,,,,0,0,-1,,,-1,0,0,0,0,,,,0,,,
dc1,Night,-1,SubBlock,Practice,10.508,-1,,,,,0,0,-1,,,-1,0,0,0,0,,,,0,,,
dc1,Night,-1,SubBlock,Practice,10.608,-1,,,,,0,0,-1,,,-1,0,0,0,0,,,,0,,,
dc1,Night,-1,SubBlock,Practice,10.709,-1,,,,,0,0,-1,,,-1,0,0,0,0,,,,0,,,
dc1,Night,-1,SubBlock,Practice,10.807,-1,,,,,0,0,-1,,,-1,0,0,0,0,,,,0,,,
dc1,Night,-1,SubBlock,Practice,10.908,-1,,,,,0,0,-1,,,-1,0,0,0,0,,,,0,,,
dc1,Night,-1,SubBlock,Practice,11.007,-1,,,,,0,0,-1,,,-1,0,0,0,0,,,,0,,,
dc1,Night,-1,SubBlock,Practice,11.108,-1,,,,,0,0,-1,,,-1,0,0,0,0,,,,0,,,
dc1,Night,-1,SubBlock,Practice,11.208,-1,,,,,0,0,-1,,,-1,0,0,0,0,,,,0,,,
dc1,Night,-1,SubBlock,Practice,11.308,-1,,,,,0,0,-1,,,-1,0,0,0,0,,,,0,,,
dc1,Night,-1,SubBlock,Practice,11.408,-1,,,,,0,0,-1,,,-1,0,0,0,0,,,,0,,,
dc1,Night,-1,SubBlock,Practice,11.507,-1,,,,,0,0,-1,,,-1,0,0,0,0,,,,0,,,
dc1,Night,-1,SubBlock,Practice,11.607,-1,,,,,0,0,-1,,,-1,0,0,0,0,,,,0,,,
dc1,Night,-1,SubBlock,Practice,11.707,-1,,,,,0,0,-1,,,-1,0,0,0,0,,,,0,,,
dc1,Night,-1,SubBlock,Practice,11.807,-1,,,,,0,0,-1,,,-1,0,0,0,0,,,,0,,,
dc1,Night,-1,SubBlock,Practice,11.908,-1,,,,,0,0,-1,,,-1,0,0,0,0,,,,0,,,
dc1,Night,-1,SubBlock,Practice,12.007,-1,,,,,0,0,-1,,,-1,0,0,0,0,,,,0,,,
dc1,Night,-1,SubBlock,Practice,12.108,-1,,,,,0,0,-1,,,-1,0,0,0,0,,,,0,,,
dc1,Night,-1,SubBlock,Practice,12.207,-1,,,,,0,0,-1,,,-1,0,0,0,0,,,,0,,,
dc1,Night,-1,SubBlock,Practice,12.308,-1,,,,,0,0,-1,,,-1,0,0,0,0,,,,0,,,
dc1,Night,-1,SubBlock,Practice,12.407,-1,,,,,0,0,-1,,,-1,0,0,0,0,,,,0,,,
dc1,Night,-1,SubBlock,Practice,12.507,-1,,,,,0,0,-1,,,-1,0,0,0,0,,,,0,,,
dc1,Night,-1,SubBlock,Practice,12.608,-1,,,,,0,0,-1,,,-1,0,0,0,0,,,,0,,,
dc1,Night,-1,SubBlock,Practice,12.708,-1,,,,,0,0,-1,,,-1,0,0,0,0,,,,0,,,
dc1,Night,-1,SubBlock,Practice,12.807,-1,,,,,0,0,-1,,,-1,0,0,0,0,,,,0,,,
dc1,Night,-1,SubBlock,Practice,12.907,-1,,,,,0,0,-1,,,-1,0,0,0,0,,,,0,,,
dc1,Night,-1,SubBlock,Practice,13.007,-1,,,,,0,0,-1,,,-1,0,0,0,0,,,,0,,,
dc1,Night,0,E_Amb_L,Practice,15.391,0.126,0,1.099,-0.002,0,0,0.366,-1,,,-1,0,0,0,0,,,,0,,,
dc1,Night,0,E_Amb_L,Practice,15.476,0.211,0,1.095,-0.002,0,0,0.731,-1,,,-1,0,0,0,0,,,,0,,,
dc1,Night,0,E_Amb_L,Practice,15.508,0.243,0,1.079,-0.002,0,0,1.463,-1,,,-1,0,0,0,0,,,,0,,,
dc1,Night,0,E_Amb_L,Practice,15.559,0.294,0,1.035,-0.002,0,0,2.56,-1,,,-1,0,0,0,0,,,,0,,,
dc1,Night,0,E_Amb_L,Practice,15.592,0.327,0,0.992,-0.002,0,0,3.292,-1,,,-1,0,0,0,0,,,,0,,,
dc1,Night,0,E_Amb_L,Practice,15.624,0.36,0,0.939,-0.002,0,0,4.023,-1,,,-1,0,0,0,0,,,,0,,,
dc1,Night,0,E_Amb_L,Practice,15.676,0.411,0,0.849,-0.002,0,0,3.354,-1,,,-1,0,0,0,0,,,,0,,,
dc1,Night,0,E_Amb_L,Practice,15.708,0.443,0,0.843,-0.002,0,0,0.039,-1,,,-1,0,0,0,0,,,,0,,,
dc1,Night,0,E_Amb_L,Practice,15.741,0.477,0,0.845,-0.002,0,0,0.131,-1,,,-1,0,0,0,0,,,,0,,,
dc1,Night,0,E_Amb_L,Practice,15.792,0.527,0,0.848,-0.002,0,0,0.209,-1,,,-1,0,0,0,0,,,,0,,,
dc1,Night,0,E_Amb_L,Practice,15.825,0.56,0,0.852,-0.002,0,0,0.229,-1,,,-1,0,0,0,0,,,,0,,,
dc1,Night,0,E_Amb_L,Practice,15.858,0.593,0,0.855,-0.002,0,0,0.23,-1,,,-1,0,0,0,0,,,,0,,,
dc1,Night,0,E_Amb_L,Practice,15.908,0.643,0,0.86,-0.002,0,0,0.204,-1,,,-1,0,0,0,0,,,,0,,,
dc1,Night,0,E_Amb_L,Practice,15.941,0.677,0,0.863,-0.002,0,0,0.176,-1,,,-1,0,0,0,0,,,,0,,,
dc1,Night,0,E_Amb_L,Practice,15.974,0.71,0,0.865,-0.002,0,0,0.145,-1,,,-1,0,0,0,0,,,,0,,,
dc1,Night,0,E_Amb_L,Practice,16.025,0.76,0,0.868,-0.002,0,0,0.096,-1,,,-1,0,0,0,0,,,,0,,,
dc1,Night,0,E_Amb_L,Practice,16.058,0.793,0,0.869,-0.002,0,0,0.066,-1,,,-1,0,0,0,0,,,,0,,,
dc1,Night,0,E_Amb_L,Practice,16.108,0.843,0,0.87,-0.002,0,0,0.029,-1,,,-1,0,0,0,0,,,,0,,,
dc1,Night,0,E_Amb_L,Practice,16.141,0.876,0,0.871,-0.002,0,0,0.009,-1,,,-1,0,0,0,0,,,,0,,,
dc1,Night,0,E_Amb_L,Practice,16.175,0.91,0,0.871,-0.002,0,0,0.006,-1,,,-1,0,0,0,0,,,,0,,,
dc1,Night,0,E_Amb_L,Practice,16.226,0.961,0,0.87,-0.002,0,0,0.021,-1,,,-1,0,0,0,0,,,,0,,,
dc1,Night,0,E_Amb_L,Practice,16.258,0.993,0,0.87,-0.002,0,0,0.026,-1,,,-1,0,0,0,0,,,,0,,,
dc1,Night,0,E_Amb_L,Practice,16.292,1.027,0,0.87,-0.002,0,0,0.028,-1,,,-1,0,0,0,0,,,,0,,,
dc1,Night,0,E_Amb_L,Practice,16.325,1.06,0,0.869,-0.002,0,0,0.028,-1,,,-1,0,0,0,0,,,,0,,,
dc1,Night,0,E_Amb_L,Practice,16.375,1.11,0,0.869,-0.002,0,0,0.025,-1,,,-1,0,0,0,0,,,,0,,,
dc1,Night,0,E_Amb_L,Practice,16.409,1.144,0,0.868,-0.002,0,0,0.021,-1,,,-1,0,0,0,0,,,,0,,,
dc1,Night,0,E_Amb_L,Practice,16.444,1.179,0,0.868,-0.002,0,0,0.017,-1,,,-1,0,0,0,0,,,,0,,,
dc1,Night,0,E_Amb_L,Practice,16.493,1.228,0,0.868,0.001,0,0,0.321,-1,,,-1,0,0,0,0,,,,0,,,
dc1,Night,0,E_Amb_L,Practice,16.544,1.279,0.002,0.867,0.011,0.002,0,0.665,-1,,,-1,0,0,0,0,,,,0,,,
dc1,Night,0,E_Amb_L,Practice,16.575,1.31,0.004,0.867,0.023,0.004,0,0.894,-1,,,-1,0,0,0,0,,,,0,,,
dc1,Night,0,E_Amb_L,Practice,16.608,1.344,0.006,0.867,0.037,0.006,0,1.113,-1,,,-1,0,0,0,0,,,,0,,,
dc1,Night,0,E_Amb_L,Practice,16.661,1.396,0.01,0.867,0.065,0.01,0,1.441,-1,,,-1,0,0,0,0,,,,0,,,
dc1,Night,0,E_Amb_L,Practice,16.693,1.428,0.012,0.867,0.088,0.012,0,1.653,-1,,,-1,0,0,0,0,,,,0,,,
dc1,Night,0,E_Amb_L,Practice,16.742,1.478,0.013,0.867,0.128,0.013,0,1.988,-1,,,-1,0,0,0,0,,,,0,,,
dc1,Night,0,E_Amb_L,Practice,16.776,1.511,0.011,0.867,0.159,0.011,0,2.17,-1,,,-1,0,0,0,0,,,,0,,,
dc1,Night,0,E_Amb_L,Practice,16.808,1.543,0.007,0.867,0.192,0.007,0,2.385,-1,,,-1,0,0,0,0,,,,0,,,
dc1,Night,0,E_Amb_L,Practice,16.86,1.595,-0.001,0.868,0.249,-0.001,0,2.715,-1,,,-1,0,0,0,0,,,,0,,,
dc1,Night,0,E_Amb_L,Practice,16.892,1.628,-0.006,0.868,0.289,-0.006,0,2.741,-1,,,-1,0,0,0,0,,,,0,,,
dc1,Night,0,E_Amb_L,Practice,16.942,1.677,-0.011,0.868,0.35,-0.011,0,2.72,-1,,,-1,0,0,0,0,,,,0,,,
dc1,Night,0,E_Amb_L,Practice,17.027,1.762,-0.013,0.868,0.451,-0.013,0,2.719,-1,,,-1,0,0,0,0,,,,0,,,
dc1,Night,0,E_Amb_L,Practice,17.109,1.844,-0.014,0.868,0.552,-0.014,0,2.718,-1,,,-1,0,0,0,0,,,,0,,,
dc1,Night,0,E_Amb_L,Practice,17.243,1.978,-0.015,0.868,0.714,-0.015,0,2.717,-1,,,-1,0,0,0,0,,,,0,,,
dc1,Night,0,E_Amb_L,Practice,17.327,2.062,-0.016,0.868,0.815,-0.016,0,2.717,-1,,,-1,0,0,0,0,,,,0,,,
dc1,Night,0,E_Amb_L,Practice,17.408,2.144,-0.016,0.868,0.917,-0.016,0,2.716,-1,,,-1,0,0,0,0,,,,0,,,
dc1,Night,0,E_Amb_L,Practice,17.508,2.244,-0.017,0.868,1.038,-0.017,0,2.716,-1,,,-1,0,0,0,0,,,,0,,,
dc1,Night,0,E_Amb_L,Practice,17.643,2.378,-0.018,0.868,1.2,-0.018,0,2.715,-1,,,-1,0,0,0,0,,,,0,,,
dc1,Night,0,E_Amb_L,Practice,17.728,2.463,-0.019,0.868,1.301,-0.019,0,2.714,-1,,,-1,0,0,0,0,,,,0,,,
dc1,Night,0,E_Amb_L,Practice,17.774,2.509,-0.019,0.868,1.301,-0.019,0,2.714,2.509,,,-1,0,0,0,0,,,,0,,,
dc1,Night,0,E_Amb_L,Practice,17.809,2.544,-0.019,0.868,1.301,-0.019,0,2.714,2.509,,,-1,0,0,0,0,,,,0,,,
dc1,Night,0,E_Amb_L,Practice,17.908,2.643,-0.019,0.868,1.301,-0.019,0,2.714,2.509,,,-1,0,0,0,0,,,,0,,,
dc1,Night,0,E_Amb_L,Practice,18.041,2.776,-0.019,0.868,1.301,-0.019,0,2.714,2.509,,,-1,0,0,0,0,,,,0,,,
dc1,Night,0,E_Amb_L,Practice,18.125,2.86,-0.019,0.868,1.301,-0.019,0,2.714,2.509,,,-1,0,0,0,0,,,,0,,,
dc1,Night,0,E_Amb_L,Practice,18.207,2.942,-0.019,0.868,1.301,-0.019,0,2.714,2.509,,,-1,0,0,0,0,,,,0,,,
dc1,Night,0,E_Amb_L,Practice,18.324,3.059,-0.019,0.868,1.301,-0.019,0,2.714,2.509,,,-1,0,0,0,0,,,,0,,,
dc1,Night,0,E_Amb_L,Practice,18.407,3.142,-0.019,0.868,1.301,-0.019,0,2.714,2.509,,,-1,0,0,0,0,,,,0,,,
dc1,Night,0,E_Amb_L,Practice,18.507,3.242,-0.019,0.868,1.301,-0.019,0,2.714,2.509,,,-1,0,0,0,0,,,,0,,,
dc1,Night,0,E_Amb_L,Practice,18.624,3.359,-0.019,0.868,1.301,-0.019,0,2.714,2.509,,,-1,0,0,0,0,,,,0,,,
dc1,Night,0,E_Amb_L,Practice,18.708,3.443,-0.019,0.868,1.341,-0.019,0,2.714,2.509,,,-1,0,0,0,0,,,,0,,,
dc1,Night,0,E_Amb_L,Practice,18.826,3.561,-0.02,0.868,1.483,-0.02,0,2.714,2.509,,,-1,0,0,0,0,,,,0,,,
dc1,Night,0,E_Amb_L,Practice,18.908,3.643,-0.021,0.868,1.584,-0.021,0,2.713,2.509,,,-1,0,0,0,0,,,,0,,,
dc1,Night,0,E_Amb_L,Practice,19.008,3.743,-0.021,0.868,1.705,-0.021,0,2.712,2.509,,,-1,0,0,0,0,,,,0,,,
dc1,Night,0,E_Amb_L,Practice,19.108,3.843,-0.022,0.868,1.827,-0.022,0,2.712,2.509,,,-1,0,0,0,0,,,,0,,,
dc1,Night,0,E_Amb_L,Practice,19.207,3.942,-0.022,0.868,1.867,-0.022,0,2.712,2.509,,,-1,0,0,0,0,,,,0,,,
dc1,Night,0,E_Amb_L,Practice,19.307,4.042,-0.022,0.868,1.867,-0.022,0,2.712,2.509,,,-1,0,0,0,0,,,,0,,,
dc1,Night,0,E_Amb_L,Practice,19.408,4.143,-0.022,0.868,1.867,-0.022,0,2.712,2.509,,,-1,0,0,0,0,,,,0,,,
dc1,Night,0,E_Amb_L,Practice,19.507,4.242,-0.022,0.868,1.867,-0.022,0,2.712,2.509,,,-1,0,0,0,0,,,,0,,,
dc1,Night,0,E_Amb_L,Practice,19.608,4.343,-0.022,0.868,1.867,-0.022,0,2.712,2.509,,,-1,0,0,0,0,,,,0,,,
dc1,Night,0,E_Amb_L,Practice,19.725,4.46,-0.022,0.868,1.867,-0.022,0,2.712,2.509,,,-1,0,0,0,0,,,,0,,,
dc1,Night,0,E_Amb_L,Practice,19.807,4.542,-0.022,0.868,1.867,-0.022,0,2.712,2.509,,,-1,0,0,0,0,,,,0,,,
dc1,Night,0,E_Amb_L,Practice,19.908,4.643,-0.022,0.868,1.867,-0.022,0,2.712,2.509,,,-1,0,0,0,0,,,,0,,,
dc1,Night,0,E_Amb_L,Practice,20.007,4.742,-0.022,0.868,1.867,-0.022,0,2.712,2.509,,,-1,0,0,0,0,,,,0,,,
dc1,Night,0,E_Amb_L,Practice,20.107,4.843,-0.022,0.868,1.867,-0.022,0,2.712,2.509,,,-1,0,0,0,0,,,,0,,,
dc1,Night,0,E_Amb_L,Practice,20.207,4.942,-0.022,0.868,1.867,-0.022,0,2.712,2.509,,,-1,0,0,0,0,,,,0,,,
dc1,Night,0,E_Amb_L,Practice,20.275,5.01,-0.022,0.868,1.867,-0.022,0,2.712,2.509,Amber,1,2.501,0,0,0,0,,,,0,,,
dc1,Night,0,E_Amb_L,Practice,20.307,5.042,-0.022,0.868,1.867,-0.022,0,2.712,2.509,Amber,1,2.501,0,0,0,0,,,,0,,,
dc1,Night,0,E_Amb_L,Practice,20.407,5.142,-0.022,0.868,1.867,-0.022,0,2.712,2.509,Amber,1,2.501,0,0,0,0,,,,0,,,
dc1,Night,0,E_Amb_L,Practice,20.524,5.259,-0.022,0.868,1.867,-0.022,0,2.712,2.509,Amber,1,2.501,0,0,0,0,,,,0,,,
dc1,Night,0,E_Amb_L,Practice,20.607,5.342,-0.022,0.868,1.867,-0.022,0,2.712,2.509,Amber,1,2.501,0,0,0,0,,,,0,,,
dc1,Night,0,E_Amb_L,Practice,20.707,5.442,-0.022,0.868,1.867,-0.022,0,2.712,2.509,Amber,1,2.501,0,0,0,0,,,,0,,,
dc1,Night,0,E_Amb_L,Practice,20.807,5.542,-0.022,0.868,1.867,-0.022,0,2.712,2.509,Amber,1,2.501,0,0,0,0,,,,0,,,
dc1,Night,0,E_Amb_L,Practice,20.907,5.642,-0.022,0.868,1.867,-0.022,0,2.712,2.509,Amber,1,2.501,0,0,0,0,,,,0,,,
dc1,Night,0,E_Amb_L,Practice,21.024,5.759,-0.022,0.868,1.867,-0.022,0,2.712,2.509,Amber,1,2.501,0,0,0,0,,,,0,,,
dc1,Night,0,E_Amb_L,Practice,21.107,5.842,-0.022,0.868,1.867,-0.022,0,2.712,2.509,Amber,1,2.501,0,0,0,0,,,,0,,,
dc1,Night,0,E_Amb_L,Practice,21.207,5.942,-0.022,0.868,1.867,-0.022,0,2.712,2.509,Amber,1,2.501,0,0,0,0,,,,0,,,
dc1,Night,0,E_Amb_L,Practice,21.307,6.042,-0.022,0.868,1.867,-0.022,0,2.712,2.509,Amber,1,2.501,0,0,0,0,,,,0,,,
dc1,Night,0,E_Amb_L,Practice,21.408,6.143,-0.022,0.868,1.867,-0.022,0,2.712,2.509,Amber,1,2.501,0,0,0,0,,,,0,,,
dc1,Night,0,E_Amb_L,Practice,21.507,6.242,-0.022,0.868,1.867,-0.022,0,2.712,2.509,Amber,1,2.501,0,0,0,0,,,,0,,,
dc1,Night,0,E_Amb_L,Practice,21.607,6.342,-0.022,0.868,1.867,-0.022,0,2.712,2.509,Amber,1,2.501,0,0,0,0,,,,0,,,
dc1,Night,0,E_Amb_L,Practice,21.707,6.442,-0.022,0.868,1.867,-0.022,0,2.712,2.509,Amber,1,2.501,0,0,0,0,,,,0,,,
dc1,Night,0,E_Amb_L,Practice,21.807,6.542,-0.022,0.868,1.867,-0.022,0,2.712,2.509,Amber,1,2.501,0,0,0,0,,,,0,,,
dc1,Night,0,E_Amb_L,Practice,21.907,6.642,-0.022,0.868,1.867,-0.022,0,2.712,2.509,Amber,1,2.501,0,0,0,0,,,,0,,,
dc1,Night,0,E_Amb_L,Practice,22.024,6.759,-0.022,0.868,1.867,-0.022,0,2.712,2.509,Amber,1,2.501,0,0,0,0,,,,0,,,
dc1,Night,0,E_Amb_L,Practice,22.107,6.842,-0.022,0.868,1.867,-0.022,0,2.712,2.509,Amber,1,2.501,0,0,0,0,,,,0,,,
dc1,Night,0,E_Amb_L,Practice,22.209,6.944,-0.022,0.868,1.867,-0.022,0,2.712,2.509,Amber,1,2.501,0,0,0,0,,,,0,,,
dc1,Night,0,E_Amb_L,Practice,22.307,7.042,-0.022,0.868,1.867,-0.022,0,2.712,2.509,Amber,1,2.501,0,0,0,0,,,,0,,,
dc1,Night,0,E_Amb_L,Practice,22.424,7.159,-0.022,0.868,1.867,-0.022,0,2.712,2.509,Amber,1,2.501,0,0,0,0,,,,0,,,
dc1,Night,0,E_Amb_L,Practice,22.507,7.242,-0.022,0.868,1.867,-0.022,0,2.712,2.509,Amber,1,2.501,0,0,0,0,,,,0,,,
dc1,Night,0,E_Amb_L,Practice,22.607,7.342,-0.022,0.868,1.867,-0.022,0,2.712,2.509,Amber,1,2.501,0,0,0,0,,,,0,,,
dc1,Night,0,E_Amb_L,Practice,22.707,7.442,-0.022,0.868,1.867,-0.022,0,2.712,2.509,Amber,1,2.501,0,0,0,0,,,,0,,,
dc1,Night,0,E_Amb_L,Practice,22.807,7.543,-0.022,0.868,1.867,-0.022,0,2.712,2.509,Amber,1,2.501,0,0,0,0,,,,0,,,
dc1,Night,0,E_Amb_L,Practice,22.907,7.642,-0.022,0.868,1.867,-0.022,0,2.712,2.509,Amber,1,2.501,0,0,0,0,,,,0,,,
dc1,Night,0,E_Amb_L,Practice,23.007,7.742,-0.022,0.868,1.867,-0.022,0,2.712,2.509,Amber,1,2.501,0,0,0,0,,,,0,,,
dc1,Night,0,E_Amb_L,Practice,23.107,7.842,-0.022,0.868,1.867,-0.022,0,2.712,2.509,Amber,1,2.501,0,0,0,0,,,,0,,,
dc1,Night,0,E_Amb_L,Practice,23.207,7.942,-0.022,0.868,1.867,-0.022,0,2.712,2.509,Amber,1,2.501,0,0,0,0,,,,0,,,
dc1,Night,0,E_Amb_L,Practice,23.324,8.059,-0.022,0.868,1.867,-0.022,0,2.712,2.509,Amber,1,2.501,0,0,0,0,,,,0,,,
dc1,Night,0,E_Amb_L,Practice,23.407,8.142,-0.022,0.868,1.867,-0.022,0,2.712,2.509,Amber,1,2.501,0,0,0,0,,,,0,,,
dc1,Night,0,E_Amb_L,Practice,23.507,8.242,-0.022,0.868,1.867,-0.022,0,2.712,2.509,Amber,1,2.501,0,0,0,0,,,,0,,,
dc1,Night,0,E_Amb_L,Practice,23.607,8.342,-0.022,0.868,1.867,-0.022,0,2.712,2.509,Amber,1,2.501,0,0,0,0,,,,0,,,
dc1,Night,0,E_Amb_L,Practice,23.707,8.442,-0.022,0.868,1.867,-0.022,0,2.712,2.509,Amber,1,2.501,0,0,0,0,,,,0,,,
dc1,Night,0,E_Amb_L,Practice,23.807,8.542,-0.022,0.868,1.867,-0.022,0,2.712,2.509,Amber,1,2.501,0,0,0,0,,,,0,,,
dc1,Night,0,E_Amb_L,Practice,23.924,8.659,-0.022,0.868,1.867,-0.022,0,2.712,2.509,Amber,1,2.501,0,0,0,0,,,,0,,,
dc1,Night,0,E_Amb_L,Practice,24.007,8.742,-0.022,0.868,1.867,-0.022,0,2.712,2.509,Amber,1,2.501,0,0,0,0,,,,0,,,
dc1,Night,0,E_Amb_L,Practice,24.106,8.842,-0.022,0.868,1.867,-0.022,0,2.712,2.509,Amber,1,2.501,0,0,0,0,,,,0,,,
dc1,Night,0,E_Amb_L,Practice,24.207,8.942,-0.022,0.868,1.867,-0.022,0,2.712,2.509,Amber,1,2.501,0,0,0,0,,,,0,,,
dc1,Night,0,E_Amb_L,Practice,24.307,9.042,-0.022,0.868,1.867,-0.022,0,2.712,2.509,Amber,1,2.501,0,0,0,0,,,,0,,,
dc1,Night,0,E_Amb_L,Practice,24.407,9.142,-0.022,0.868,1.867,-0.022,0,2.712,2.509,Amber,1,2.501,0,0,0,0,,,,0,,,
dc1,Night,0,E_Amb_L,Practice,24.507,9.242,-0.022,0.868,1.867,-0.022,0,2.712,2.509,Amber,1,2.501,0,0,0,0,,,,0,,,
dc1,Night,0,E_Amb_L,Practice,24.608,9.343,-0.022,0.868,1.867,-0.022,0,2.712,2.509,Amber,1,2.501,0,0,0,0,,,,0,,,
dc1,Night,0,E_Amb_L,Practice,24.707,9.442,-0.022,0.868,1.867,-0.022,0,2.712,2.509,Amber,1,2.501,0,0,0,0,,,,0,,,
dc1,Night,0,E_Amb_L,Practice,24.807,9.542,-0.022,0.868,1.867,-0.022,0,2.712,2.509,Amber,1,2.501,0,0,0,0,,,,0,,,
dc1,Night,0,E_Amb_L,Practice,24.907,9.642,-0.022,0.868,1.867,-0.022,0,2.712,2.509,Amber,1,2.501,0,0,0,0,,,,0,,,
dc1,Night,0,E_Amb_L,Practice,25.007,9.742,-0.022,0.868,1.867,-0.022,0,2.712,2.509,Amber,1,2.501,0,0,0,0,,,,0,,,
dc1,Night,0,E_Amb_L,Practice,25.106,9.841,-0.022,0.868,1.867,-0.022,0,2.712,2.509,Amber,1,2.501,0,0,0,0,,,,0,,,
dc1,Night,0,E_Amb_L,Practice,25.207,9.942,-0.022,0.868,1.867,-0.022,0,2.712,2.509,Amber,1,2.501,0,0,0,0,,,,0,,,
dc1,Night,1,U_Red_R,Practice,25.484,0.003,0,1.099,-0.002,0,0,0.366,-1,,,-1,0,0,0,0,,,,0,,,
dc1,Night,1,U_Red_R,Practice,25.541,0.06,0,1.094,-0.002,0,0,0.731,-1,,,-1,0,0,0,0,,,,0,,,
dc1,Night,1,U_Red_R,Practice,25.557,0.077,0,1.087,-0.002,0,0,1.097,-1,,,-1,0,0,0,0,,,,0,,,
dc1,Night,1,U_Red_R,Practice,25.608,0.128,0,1.05,-0.002,0,0,2.194,-1,,,-1,0,0,0,0,,,,0,,,
dc1,Night,1,U_Red_R,Practice,25.707,0.226,0,0.901,-0.002,0,0,4.389,-1,,,-1,0,0,0,0,,,,0,,,
dc1,Night,1,U_Red_R,Practice,25.808,0.327,0,0.845,-0.002,0,0,0.131,-1,,,-1,0,0,0,0,,,,0,,,
dc1,Night,1,U_Red_R,Practice,25.908,0.427,0,0.854,-0.002,0,0,0.232,-1,,,-1,0,0,0,0,,,,0,,,
dc1,Night,1,U_Red_R,Practice,25.956,0.476,0,0.857,-0.002,0,0,0.224,0.476,,,-1,0,0,0,0,,,,0,,,
dc1,Night,1,U_Red_R,Practice,26.007,0.526,0,0.857,-0.002,0,0,0.224,0.476,,,-1,0,0,0,0,,,,0,,,
dc1,Night,1,U_Red_R,Practice,26.107,0.626,0,0.857,-0.002,0,0,0.224,0.476,,,-1,0,0,0,0,,,,0,,,
dc1,Night,1,U_Red_R,Practice,26.206,0.726,0,0.857,-0.002,0,0,0.224,0.476,,,-1,0,0,0,0,,,,0,,,
dc1,Night,1,U_Red_R,Practice,26.307,0.826,0,0.857,-0.002,0,0,0.224,0.476,,,-1,0,0,0,0,,,,0,,,
dc1,Night,1,U_Red_R,Practice,26.406,0.926,0,0.857,-0.002,0,0,0.224,0.476,,,-1,0,0,0,0,,,,0,,,
dc1,Night,1,U_Red_R,Practice,26.506,1.026,0,0.857,-0.002,0,0,0.224,0.476,,,-1,0,0,0,0,,,,0,,,
dc1,Night,1,U_Red_R,Practice,26.608,1.128,0,0.857,-0.002,0,0,0.224,0.476,,,-1,0,0,0,0,,,,0,,,
dc1,Night,1,U_Red_R,Practice,26.707,1.226,0,0.857,-0.002,0,0,0.224,0.476,,,-1,0,0,0,0,,,,0,,,
dc1,Night,1,U_Red_R,Practice,26.807,1.327,0,0.857,-0.002,0,0,0.224,0.476,,,-1,0,0,0,0,,,,0,,,
dc1,Night,1,U_Red_R,Practice,26.907,1.427,0,0.857,-0.002,0,0,0.224,0.476,,,-1,0,0,0,0,,,,0,,,
dc1,Night,1,U_Red_R,Practice,27.007,1.527,0,0.857,-0.002,0,0,0.224,0.476,,,-1,0,0,0,0,,,,0,,,
