ParticipantID,Block,BlockStartAbs,BlockTimeRel,TrialIndex,Scene,Event,Expectancy,SignalColor,MergeSide,TimeAbs,TrialTimeRel,X,Y,Z,LaneDeviation,SpeedMPH,TrialEnded,TrialEndReason,TrialEndAbs,TrialEndRel,SurveyResponse,SurveyResponseCorrect,SurveyRT,BrakeInput,ThrottleInput,SteeringInput,Car2Marge
UNKNOWN,0,3.24,0.151,-1,SubBlock,,,,,3.39,-1,,,,,0,0,,-1,-1,,,-1,50,50,0,0
UNKNOWN,0,3.24,0.258,-1,SubBlock,,,,,3.497,-1,,,,,0,0,,-1,-1,,,-1,50,50,0,0
UNKNOWN,0,3.24,1.6,-1,SubBlock,,,,,4.839,-1,,,,,0,0,,-1,-1,,,-1,50,50,0,0
UNKNOWN,0,3.24,1.66,-1,SubBlock,,,,,4.899,-1,,,,,0,0,,-1,-1,,,-1,50,50,0,0
UNKNOWN,0,3.24,1.678,-1,SubBlock,,,,,4.918,-1,,,,,0,0,,-1,-1,,,-1,50,50,0,0
UNKNOWN,0,3.24,1.709,-1,SubBlock,,,,,4.948,-1,,,,,0,0,,-1,-1,,,-1,50,50,0,0
UNKNOWN,0,3.24,1.715,-1,SubBlock,,,,,4.955,-1,,,,,0,0,,-1,-1,,,-1,50,50,0,0
UNKNOWN,0,3.24,1.719,-1,SubBlock,,,,,4.959,-1,,,,,0,0,,-1,-1,,,-1,50,50,0,0
UNKNOWN,0,3.24,1.724,-1,SubBlock,,,,,4.964,-1,,,,,0,0,,-1,-1,,,-1,50,50,0,0
UNKNOWN,0,3.24,1.729,-1,SubBlock,,,,,4.968,-1,,,,,0,0,,-1,-1,,,-1,50,50,0,0
UNKNOWN,0,3.24,1.733,-1,SubBlock,,,,,4.973,-1,,,,,0,0,,-1,-1,,,-1,50,50,0,0
UNKNOWN,0,3.24,1.737,-1,SubBlock,,,,,4.977,-1,,,,,0,0,,-1,-1,,,-1,50,50,0,0
UNKNOWN,0,3.24,1.741,-1,SubBlock,,,,,4.98,-1,,,,,0,0,,-1,-1,,,-1,50,50,0,0
UNKNOWN,0,3.24,1.745,-1,SubBlock,,,,,4.984,-1,,,,,0,0,,-1,-1,,,-1,50,50,0,0
UNKNOWN,0,3.24,1.75,-1,SubBlock,,,,,4.99,-1,,,,,0,0,,-1,-1,,,-1,50,50,0,0
UNKNOWN,0,3.24,1.755,-1,SubBlock,,,,,4.995,-1,,,,,0,0,,-1,-1,,,-1,50,50,0,0
UNKNOWN,0,3.24,1.759,-1,SubBlock,,,,,4.999,-1,,,,,0,0,,-1,-1,,,-1,50,50,0,0
UNKNOWN,0,3.24,1.764,-1,SubBlock,,,,,5.004,-1,,,,,0,0,,-1,-1,,,-1,50,50,0,0
UNKNOWN,0,3.24,1.768,-1,SubBlock,,,,,5.008,-1,,,,,0,0,,-1,-1,,,-1,50,50,0,0
UNKNOWN,0,3.24,1.773,-1,SubBlock,,,,,5.013,-1,,,,,0,0,,-1,-1,,,-1,50,50,0,0
UNKNOWN,0,3.24,1.779,-1,SubBlock,,,,,5.018,-1,,,,,0,0,,-1,-1,,,-1,50,50,0,0
UNKNOWN,0,3.24,1.782,-1,SubBlock,,,,,5.022,-1,,,,,0,0,,-1,-1,,,-1,50,50,0,0
UNKNOWN,0,3.24,1.787,-1,SubBlock,,,,,5.027,-1,,,,,0,0,,-1,-1,,,-1,50,50,0,0
UNKNOWN,0,3.24,1.791,-1,SubBlock,,,,,5.031,-1,,,,,0,0,,-1,-1,,,-1,50,50,0,0
UNKNOWN,0,3.24,1.797,-1,SubBlock,,,,,5.037,-1,,,,,0,0,,-1,-1,,,-1,50,50,0,0
UNKNOWN,0,3.24,1.802,-1,SubBlock,,,,,5.042,-1,,,,,0,0,,-1,-1,,,-1,50,50,0,0
UNKNOWN,0,3.24,1.806,-1,SubBlock,,,,,5.046,-1,,,,,0,0,,-1,-1,,,-1,50,50,0,0
UNKNOWN,0,3.24,1.811,-1,SubBlock,,,,,5.05,-1,,,,,0,0,,-1,-1,,,-1,50,50,0,0
UNKNOWN,0,3.24,1.815,-1,SubBlock,,,,,5.055,-1,,,,,0,0,,-1,-1,,,-1,50,50,0,0
UNKNOWN,0,3.24,1.82,-1,SubBlock,,,,,5.06,-1,,,,,0,0,,-1,-1,,,-1,50,50,0,0
UNKNOWN,0,3.24,1.824,-1,SubBlock,,,,,5.064,-1,,,,,0,0,,-1,-1,,,-1,50,50,0,0
UNKNOWN,0,3.24,1.83,-1,SubBlock,,,,,5.07,-1,,,,,0,0,,-1,-1,,,-1,50,50,0,0
UNKNOWN,0,3.24,1.834,-1,SubBlock,,,,,5.074,-1,,,,,0,0,,-1,-1,,,-1,50,50,0,0
UNKNOWN,0,3.24,1.839,-1,SubBlock,,,,,5.078,-1,,,,,0,0,,-1,-1,,,-1,50,50,0,0
UNKNOWN,0,3.24,1.845,-1,SubBlock,,,,,5.085,-1,,,,,0,0,,-1,-1,,,-1,50,50,0,0
UNKNOWN,0,3.24,1.849,-1,SubBlock,,,,,5.088,-1,,,,,0,0,,-1,-1,,,-1,50,50,0,0
UNKNOWN,0,3.24,1.854,-1,SubBlock,,,,,5.093,-1,,,,,0,0,,-1,-1,,,-1,50,50,0,0
UNKNOWN,0,3.24,1.858,-1,SubBlock,,,,,5.098,-1,,,,,0,0,,-1,-1,,,-1,50,50,0,0
UNKNOWN,0,3.24,1.862,-1,SubBlock,,,,,5.102,-1,,,,,0,0,,-1,-1,,,-1,50,50,0,0
UNKNOWN,0,3.24,1.866,-1,SubBlock,,,,,5.106,-1,,,,,0,0,,-1,-1,,,-1,50,50,0,0
UNKNOWN,0,3.24,1.87,-1,SubBlock,,,,,5.109,-1,,,,,0,0,,-1,-1,,,-1,50,50,0,0
UNKNOWN,0,3.24,1.875,-1,SubBlock,,,,,5.114,-1,,,,,0,0,,-1,-1,,,-1,50,50,0,0
UNKNOWN,0,3.24,1.879,-1,SubBlock,,,,,5.119,-1,,,,,0,0,,-1,-1,,,-1,50,50,0,0
UNKNOWN,0,3.24,1.883,-1,SubBlock,,,,,5.123,-1,,,,,0,0,,-1,-1,,,-1,50,50,0,0
UNKNOWN,0,3.24,1.887,-1,SubBlock,,,,,5.127,-1,,,,,0,0,,-1,-1,,,-1,50,50,0,0
UNKNOWN,0,3.24,1.892,-1,SubBlock,,,,,5.132,-1,,,,,0,0,,-1,-1,,,-1,50,50,0,0
UNKNOWN,0,3.24,1.897,-1,SubBlock,,,,,5.137,-1,,,,,0,0,,-1,-1,,,-1,50,50,0,0
UNKNOWN,0,3.24,1.901,-1,SubBlock,,,,,5.141,-1,,,,,0,0,,-1,-1,,,-1,50,50,0,0
UNKNOWN,0,3.24,1.906,-1,SubBlock,,,,,5.145,-1,,,,,0,0,,-1,-1,,,-1,50,50,0,0
UNKNOWN,0,3.24,1.909,-1,SubBlock,,,,,5.149,-1,,,,,0,0,,-1,-1,,,-1,50,50,0,0
UNKNOWN,0,3.24,1.913,-1,SubBlock,,,,,5.153,-1,,,,,0,0,,-1,-1,,,-1,50,50,0,0
UNKNOWN,0,3.24,1.965,-1,SubBlock,,,,,5.205,-1,,,,,0,0,,-1,-1,,,-1,50,50,0,0
UNKNOWN,0,3.24,2.061,-1,SubBlock,,,,,5.301,-1,,,,,0,0,,-1,-1,,,-1,50,50,0,0
UNKNOWN,0,3.24,2.163,-1,SubBlock,,,,,5.403,-1,,,,,0,0,,-1,-1,,,-1,50,50,0,0
UNKNOWN,0,3.24,2.264,-1,SubBlock,,,,,5.504,-1,,,,,0,0,,-1,-1,,,-1,50,50,0,0
UNKNOWN,0,3.24,2.365,-1,SubBlock,,,,,5.605,-1,,,,,0,0,,-1,-1,,,-1,50,50,0,0
UNKNOWN,0,3.24,2.463,-1,SubBlock,,,,,5.703,-1,,,,,0,0,,-1,-1,,,-1,50,50,0,0
P000,Day,6.15,0.073,0,U_Amb_R,Practice,Expected,Red,Left,6.223,0.491,0,0.849,-0.002,,3.354,0,,-1,-1,,,-1,50,50,0,0
P000,Day,6.15,0.197,0,U_Amb_R,Practice,Expected,Red,Left,6.346,0.614,0,0.849,-0.002,,3.354,0,,-1,-1,,,-1,50,50,0,0
P000,Day,6.15,0.235,0,U_Amb_R,Practice,Expected,Red,Left,6.385,0.653,0,0.84,-0.002,,0,0,,-1,-1,,,-1,50,50,0,0
P000,Day,6.15,0.257,0,U_Amb_R,Practice,Expected,Red,Left,6.406,0.675,0,0.843,-0.002,,0.039,0,,-1,-1,,,-1,50,50,0,0
P000,Day,6.15,0.275,0,U_Amb_R,Practice,Expected,Red,Left,6.425,0.693,0,0.844,-0.002,,0.131,0,,-1,-1,,,-1,50,50,0,0
P000,Day,6.15,0.293,0,U_Amb_R,Practice,Expected,Red,Left,6.442,0.71,0,0.845,-0.002,,0.164,0,,-1,-1,,,-1,50,50,0,0
P000,Day,6.15,0.309,0,U_Amb_R,Practice,Expected,Red,Left,6.458,0.726,0,0.846,-0.002,,0.19,0,,-1,-1,,,-1,50,50,0,0
P000,Day,6.15,0.363,0,U_Amb_R,Practice,Expected,Red,Left,6.513,0.781,0,0.852,-0.002,,0.23,0,,-1,-1,,,-1,50,50,0,0
P000,Day,6.15,0.464,0,U_Amb_R,Practice,Expected,Red,Left,6.614,0.882,0,0.862,-0.002,,0.191,0,,-1,-1,,,-1,50,50,0,0
P000,Day,6.15,0.565,0,U_Amb_R,Practice,Expected,Red,Left,6.714,0.982,0,0.868,-0.002,,0.096,0,,-1,-1,,,-1,50,50,0,0
P000,Day,6.15,0.665,0,U_Amb_R,Practice,Expected,Red,Left,6.815,1.083,0,0.871,-0.002,,0.018,0,,-1,-1,,,-1,50,50,0,0
P000,Day,6.15,0.766,0,U_Amb_R,Practice,Expected,Red,Left,6.916,1.184,0,0.87,-0.002,,0.021,0,,-1,-1,,,-1,50,50,0,0
P000,Day,6.15,0.866,0,U_Amb_R,Practice,Expected,Red,Left,7.016,1.284,0,0.869,-0.002,,0.028,0,,-1,-1,,,-1,50,50,0,0
P000,Day,6.15,0.964,0,U_Amb_R,Practice,Expected,Red,Left,7.114,1.382,0,0.868,-0.002,,0.019,0,,-1,-1,,,-1,50,50,0,0
P000,Day,6.15,1.064,0,U_Amb_R,Practice,Expected,Red,Left,7.214,1.482,0,0.867,-0.002,,0.008,0,,-1,-1,,,-1,50,50,0,0
P000,Day,6.15,1.153,0,U_Amb_R,Practice,Expected,Red,Left,7.303,1.571,0,0.867,0,,0.221,0,,-1,-1,,,-1,50,50,0,0
P000,Day,6.15,1.264,0,U_Amb_R,Practice,Expected,Red,Left,7.413,1.681,0,0.867,0.03,,1.016,0,,-1,-1,,,-1,50,50,0,0
P000,Day,6.15,1.363,0,U_Amb_R,Practice,Expected,Red,Left,7.513,1.781,0,0.868,0.09,,1.678,0,,-1,-1,,,-1,50,50,0,0
P000,Day,6.15,1.462,0,U_Amb_R,Practice,Expected,Red,Left,7.612,1.88,0,0.868,0.178,,2.35,0,,-1,-1,,,-1,50,50,0,0
P000,Day,6.15,1.562,0,U_Amb_R,Practice,Expected,Red,Left,7.712,1.98,0,0.868,0.297,,3.022,0,,-1,-1,,,-1,50,50,0,0
P000,Day,6.15,1.661,0,U_Amb_R,Practice,Expected,Red,Left,7.811,2.079,0,0.868,0.445,,3.694,0,,-1,-1,,,-1,50,50,0,0
P000,Day,6.15,1.767,0,U_Amb_R,Practice,Expected,Red,Left,7.916,2.184,0,0.868,0.634,,4.366,0,,-1,-1,,,-1,50,50,0,0
P000,Day,6.15,1.856,0,U_Amb_R,Practice,Expected,Red,Left,8.005,2.274,0,0.868,0.821,,4.926,0,,-1,-1,,,-1,50,50,0,0
P000,Day,6.15,1.965,0,U_Amb_R,Practice,Expected,Red,Left,8.114,2.383,0,0.868,1.081,,5.71,0,,-1,-1,,,-1,50,50,0,0
P000,Day,6.15,2.067,0,U_Amb_R,Practice,Expected,Red,Left,8.217,2.485,0,0.868,1.359,,6.381,0,,-1,-1,,,-1,50,50,0,0
P000,Day,6.15,2.169,0,U_Amb_R,Practice,Expected,Red,Left,8.319,2.587,0,0.868,1.664,,7.053,0,,-1,-1,,,-1,50,50,0,0
P000,Day,6.15,2.264,0,U_Amb_R,Practice,Expected,Red,Left,8.414,2.682,0,0.868,1.98,,7.724,0,,-1,-1,,,-1,50,50,0,0
P000,Day,6.15,2.363,0,U_Amb_R,Practice,Expected,Red,Left,8.512,2.78,0,0.868,2.335,,8.395,0,,-1,-1,,,-1,50,50,0,0
P000,Day,6.15,2.455,0,U_Amb_R,Practice,Expected,Red,Left,8.605,2.873,0,0.868,2.696,,8.91,0,,-1,-1,,,-1,50,50,0,0
P000,Day,6.15,2.559,0,U_Amb_R,Practice,Expected,Red,Left,8.709,2.977,0,0.868,3.109,,8.923,0,,-1,-1,,,-1,50,50,0,0
P000,Day,6.15,2.604,0,U_Amb_R,Practice,Expected,Red,Left,8.753,3.021,0,0.868,3.175,,8.923,1,TrialEnd,8.753,3.021,,,-1,50,50,0,0
P000,Day,6.15,2.655,0,U_Amb_R,Practice,Expected,Red,Left,8.805,3.073,0,0.868,3.175,,8.923,1,TrialEnd,8.753,3.021,,,-1,50,50,0,0
P000,Day,6.15,2.758,0,U_Amb_R,Practice,Expected,Red,Left,8.907,3.175,0,0.868,3.175,,8.923,1,TrialEnd,8.753,3.021,,,-1,50,50,0,0
P000,Day,6.15,2.856,0,U_Amb_R,Practice,Expected,Red,Left,9.006,3.274,0,0.868,3.175,,8.923,1,TrialEnd,8.753,3.021,,,-1,50,50,0,0
P000,Day,6.15,2.954,0,U_Amb_R,Practice,Expected,Red,Left,9.103,3.371,0,0.868,3.175,,8.923,1,TrialEnd,8.753,3.021,,,-1,50,50,0,0
P000,Day,6.15,3.053,0,U_Amb_R,Practice,Expected,Red,Left,9.202,3.47,0,0.868,3.175,,8.923,1,TrialEnd,8.753,3.021,,,-1,50,50,0,0
P000,Day,6.15,3.155,0,U_Amb_R,Practice,Expected,Red,Left,9.305,3.573,0,0.868,3.175,,8.923,1,TrialEnd,8.753,3.021,,,-1,50,50,0,0
P000,Day,6.15,3.262,0,U_Amb_R,Practice,Expected,Red,Left,9.412,3.68,0,0.868,3.175,,8.923,1,TrialEnd,8.753,3.021,,,-1,50,50,0,0
P000,Day,6.15,3.363,0,U_Amb_R,Practice,Expected,Red,Left,9.512,3.78,0,0.868,3.175,,8.923,1,TrialEnd,8.753,3.021,,,-1,50,50,0,0
P000,Day,6.15,3.461,0,U_Amb_R,Practice,Expected,Red,Left,9.61,3.878,0,0.868,3.175,,8.923,1,TrialEnd,8.753,3.021,,,-1,50,50,0,0
P000,Day,6.15,3.554,0,U_Amb_R,Practice,Expected,Red,Left,9.703,3.971,0,0.868,3.175,,8.923,1,TrialEnd,8.753,3.021,,,-1,50,50,0,0
P000,Day,6.15,3.656,0,U_Amb_R,Practice,Expected,Red,Left,9.806,4.074,0,0.868,3.175,,8.923,1,TrialEnd,8.753,3.021,,,-1,50,50,0,0
P000,Day,6.15,3.753,0,U_Amb_R,Practice,Expected,Red,Left,9.902,4.17,0,0.868,3.175,,8.923,1,TrialEnd,8.753,3.021,,,-1,50,50,0,0
P000,Day,6.15,3.835,0,U_Amb_R,Practice,Expected,Red,Left,9.984,4.252,0,0.868,3.175,,8.923,1,TrialEnd,8.753,3.021,Red,1,1.231,50,50,0,0
P000,Day,6.15,3.855,0,U_Amb_R,Practice,Expected,Red,Left,10.005,4.273,0,0.868,3.175,,8.923,1,TrialEnd,8.753,3.021,Red,1,1.231,50,50,0,0
P000,Day,6.15,3.956,0,U_Amb_R,Practice,Expected,Red,Left,10.106,4.374,0,0.868,3.175,,8.923,1,TrialEnd,8.753,3.021,Red,1,1.231,50,50,0,0
P000,Day,6.15,4.059,0,U_Amb_R,Practice,Expected,Red,Left,10.208,4.477,0,0.868,3.175,,8.923,1,TrialEnd,8.753,3.021,Red,1,1.231,50,50,0,0
P000,Day,6.15,4.152,0,U_Amb_R,Practice,Expected,Red,Left,10.302,4.57,0,0.868,3.175,,8.923,1,TrialEnd,8.753,3.021,Red,1,1.231,50,50,0,0
P000,Day,6.15,4.258,0,U_Amb_R,Practice,Expected,Red,Left,10.408,4.676,0,0.868,3.175,,8.923,1,TrialEnd,8.753,3.021,Red,1,1.231,50,50,0,0
P000,Day,6.15,4.351,0,U_Amb_R,Practice,Expected,Red,Left,10.5,4.768,0,0.868,3.175,,8.923,1,TrialEnd,8.753,3.021,Red,1,1.231,50,50,0,0
P000,Day,6.15,4.454,0,U_Amb_R,Practice,Expected,Red,Left,10.603,4.871,0,0.868,3.175,,8.923,1,TrialEnd,8.753,3.021,Red,1,1.231,50,50,0,0
P000,Day,6.15,4.557,0,U_Amb_R,Practice,Expected,Red,Left,10.706,4.975,0,0.868,3.175,,8.923,1,TrialEnd,8.753,3.021,Red,1,1.231,50,50,0,0
P000,Day,6.15,4.651,0,U_Amb_R,Practice,Expected,Red,Left,10.801,5.069,0,0.868,3.175,,8.923,1,TrialEnd,8.753,3.021,Red,1,1.231,50,50,0,0
P000,Day,6.15,4.759,0,U_Amb_R,Practice,Expected,Red,Left,10.908,5.177,0,0.868,3.175,,8.923,1,TrialEnd,8.753,3.021,Red,1,1.231,50,50,0,0
P000,Day,6.15,4.853,0,U_Amb_R,Practice,Expected,Red,Left,11.003,5.271,0,0.868,3.175,,8.923,1,TrialEnd,8.753,3.021,Red,1,1.231,50,50,0,0
P000,Day,6.15,4.958,0,U_Amb_R,Practice,Expected,Red,Left,11.107,5.375,0,0.868,3.175,,8.923,1,TrialEnd,8.753,3.021,Red,1,1.231,50,50,0,0
P000,Day,6.15,5.055,0,U_Amb_R,Practice,Expected,Red,Left,11.204,5.472,0,0.868,3.175,,8.923,1,TrialEnd,8.753,3.021,Red,1,1.231,50,50,0,0
P000,Day,6.15,5.154,0,U_Amb_R,Practice,Expected,Red,Left,11.303,5.571,0,0.868,3.175,,8.923,1,TrialEnd,8.753,3.021,Red,1,1.231,50,50,0,0
P000,Day,6.15,5.259,0,U_Amb_R,Practice,Expected,Red,Left,11.408,5.676,0,0.868,3.175,,8.923,1,TrialEnd,8.753,3.021,Red,1,1.231,50,50,0,0
P000,Day,6.15,5.359,0,U_Amb_R,Practice,Expected,Red,Left,11.509,5.777,0,0.868,3.175,,8.923,1,TrialEnd,8.753,3.021,Red,1,1.231,50,50,0,0
P000,Day,6.15,5.452,0,U_Amb_R,Practice,Expected,Red,Left,11.602,5.87,0,0.868,3.175,,8.923,1,TrialEnd,8.753,3.021,Red,1,1.231,50,50,0,0
P000,Day,6.15,5.556,0,U_Amb_R,Practice,Expected,Red,Left,11.705,5.974,0,0.868,3.175,,8.923,1,TrialEnd,8.753,3.021,Red,1,1.231,50,50,0,0
P000,Day,6.15,5.653,0,U_Amb_R,Practice,Expected,Red,Left,11.803,6.071,0,0.868,3.175,,8.923,1,TrialEnd,8.753,3.021,Red,1,1.231,50,50,0,0
P000,Day,6.15,5.759,0,U_Amb_R,Practice,Expected,Red,Left,11.908,6.176,0,0.868,3.175,,8.923,1,TrialEnd,8.753,3.021,Red,1,1.231,50,50,0,0
P000,Day,6.15,5.856,0,U_Amb_R,Practice,Expected,Red,Left,12.005,6.273,0,0.868,3.175,,8.923,1,TrialEnd,8.753,3.021,Red,1,1.231,50,50,0,0
P000,Day,6.15,5.954,0,U_Amb_R,Practice,Expected,Red,Left,12.103,6.372,0,0.868,3.175,,8.923,1,TrialEnd,8.753,3.021,Red,1,1.231,50,50,0,0
P000,Day,6.15,6.058,0,U_Amb_R,Practice,Expected,Red,Left,12.208,6.476,0,0.868,3.175,,8.923,1,TrialEnd,8.753,3.021,Red,1,1.231,50,50,0,0
P000,Day,6.15,6.158,0,U_Amb_R,Practice,Expected,Red,Left,12.308,6.576,0,0.868,3.175,,8.923,1,TrialEnd,8.753,3.021,Red,1,1.231,50,50,0,0
P000,Day,6.15,6.252,0,U_Amb_R,Practice,Expected,Red,Left,12.402,6.67,0,0.868,3.175,,8.923,1,TrialEnd,8.753,3.021,Red,1,1.231,50,50,0,0
P000,Day,6.15,6.36,0,U_Amb_R,Practice,Expected,Red,Left,12.509,6.777,0,0.868,3.175,,8.923,1,TrialEnd,8.753,3.021,Red,1,1.231,50,50,0,0
P000,Day,6.15,6.452,0,U_Amb_R,Practice,Expected,Red,Left,12.601,6.869,0,0.868,3.175,,8.923,1,TrialEnd,8.753,3.021,Red,1,1.231,50,50,0,0
P000,Day,6.15,6.555,0,U_Amb_R,Practice,Expected,Red,Left,12.704,6.972,0,0.868,3.175,,8.923,1,TrialEnd,8.753,3.021,Red,1,1.231,50,50,0,0
P000,Day,6.15,6.658,0,U_Amb_R,Practice,Expected,Red,Left,12.808,7.076,0,0.868,3.175,,8.923,1,TrialEnd,8.753,3.021,Red,1,1.231,50,50,0,0
P000,Day,6.15,6.752,0,U_Amb_R,Practice,Expected,Red,Left,12.902,7.17,0,0.868,3.175,,8.923,1,TrialEnd,8.753,3.021,Red,1,1.231,50,50,0,0
P000,Day,6.15,6.859,0,U_Amb_R,Practice,Expected,Red,Left,13.009,7.277,0,0.868,3.175,,8.923,1,TrialEnd,8.753,3.021,Red,1,1.231,50,50,0,0
P000,Day,6.15,6.957,0,U_Amb_R,Practice,Expected,Red,Left,13.107,7.375,0,0.868,3.175,,8.923,1,TrialEnd,8.753,3.021,Red,1,1.231,50,50,0,0
P000,Day,6.15,7.057,0,U_Amb_R,Practice,Expected,Red,Left,13.206,7.474,0,0.868,3.175,,8.923,1,TrialEnd,8.753,3.021,Red,1,1.231,50,50,0,0
P000,Day,6.15,7.155,0,U_Amb_R,Practice,Expected,Red,Left,13.305,7.573,0,0.868,3.175,,8.923,1,TrialEnd,8.753,3.021,Red,1,1.231,50,50,0,0
P000,Day,6.15,7.259,0,U_Amb_R,Practice,Expected,Red,Left,13.408,7.676,0,0.868,3.175,,8.923,1,TrialEnd,8.753,3.021,Red,1,1.231,50,50,0,0
P000,Day,6.15,7.361,0,U_Amb_R,Practice,Expected,Red,Left,13.51,7.778,0,0.868,3.175,,8.923,1,TrialEnd,8.753,3.021,Red,1,1.231,50,50,0,0
P000,Day,6.15,7.455,0,U_Amb_R,Practice,Expected,Red,Left,13.604,7.873,0,0.868,3.175,,8.923,1,TrialEnd,8.753,3.021,Red,1,1.231,50,50,0,0
P000,Day,6.15,7.552,0,U_Amb_R,Practice,Expected,Red,Left,13.702,7.97,0,0.868,3.175,,8.923,1,TrialEnd,8.753,3.021,Red,1,1.231,50,50,0,0
P000,Day,6.15,7.652,0,U_Amb_R,Practice,Expected,Red,Left,13.801,8.069,0,0.868,3.175,,8.923,1,TrialEnd,8.753,3.021,Red,1,1.231,50,50,0,0
P000,Day,6.15,7.753,0,U_Amb_R,Practice,Expected,Red,Left,13.902,8.17,0,0.868,3.175,,8.923,1,TrialEnd,8.753,3.021,Red,1,1.231,50,50,0,0
P000,Day,6.15,7.854,0,U_Amb_R,Practice,Expected,Red,Left,14.003,8.271,0,0.868,3.175,,8.923,1,TrialEnd,8.753,3.021,Red,1,1.231,50,50,0,0
P000,Day,6.15,7.958,0,U_Amb_R,Practice,Expected,Red,Left,14.108,8.376,0,0.868,3.175,,8.923,1,TrialEnd,8.753,3.021,Red,1,1.231,50,50,0,0
P000,Day,6.15,8.053,0,U_Amb_R,Practice,Expected,Red,Left,14.202,8.47,0,0.868,3.175,,8.923,1,TrialEnd,8.753,3.021,Red,1,1.231,50,50,0,0
P000,Day,6.15,8.163,0,U_Amb_R,Practice,Expected,Red,Left,14.312,8.58,0,0.868,3.175,,8.923,1,TrialEnd,8.753,3.021,Red,1,1.231,50,50,0,0
P000,Day,6.15,8.255,0,U_Amb_R,Practice,Expected,Red,Left,14.405,8.673,0,0.868,3.175,,8.923,1,TrialEnd,8.753,3.021,Red,1,1.231,50,50,0,0
P000,Day,6.15,8.356,0,U_Amb_R,Practice,Expected,Red,Left,14.506,8.774,0,0.868,3.175,,8.923,1,TrialEnd,8.753,3.021,Red,1,1.231,50,50,0,0
P000,Day,6.15,8.458,0,U_Amb_R,Practice,Expected,Red,Left,14.607,8.876,0,0.868,3.175,,8.923,1,TrialEnd,8.753,3.021,Red,1,1.231,50,50,0,0
P000,Day,6.15,8.559,0,U_Amb_R,Practice,Expected,Red,Left,14.709,8.977,0,0.868,3.175,,8.923,1,TrialEnd,8.753,3.021,Red,1,1.231,50,50,0,0
P000,Day,6.15,8.652,0,U_Amb_R,Practice,Expected,Red,Left,14.802,9.07,0,0.868,3.175,,8.923,1,TrialEnd,8.753,3.021,Red,1,1.231,50,50,0,0
P000,Day,6.15,8.753,0,U_Amb_R,Practice,Expected,Red,Left,14.903,9.171,0,0.868,3.175,,8.923,1,TrialEnd,8.753,3.021,Red,1,1.231,50,50,0,0
P000,Day,15.228,0.031,1,E_Red_R,Practice,Expected,Amber,Right,15.259,0,0,0.947,-0.002,,4.023,0,,-1,-1,,,-1,50,50,0,0
P000,Day,15.228,0.056,1,E_Red_R,Practice,Expected,Amber,Right,15.284,0.026,0,0.947,-0.002,,4.023,0,,-1,-1,,,-1,50,50,0,0
P000,Day,15.228,0.076,1,E_Red_R,Practice,Expected,Amber,Right,15.304,0.045,0,0.911,-0.002,,4.389,0,,-1,-1,,,-1,50,50,0,0
P000,Day,15.228,0.087,1,E_Red_R,Practice,Expected,Amber,Right,15.315,0.056,0,0.888,-0.002,,4.389,0,,-1,-1,,,-1,50,50,0,0
P000,Day,15.228,0.175,1,E_Red_R,Practice,Expected,Amber,Right,15.403,0.144,0,0.844,-0.002,,0.131,0,,-1,-1,,,-1,50,50,0,0
P000,Day,15.228,0.276,1,E_Red_R,Practice,Expected,Amber,Right,15.504,0.246,0,0.853,-0.002,,0.232,0,,-1,-1,,,-1,50,50,0,0
P000,Day,15.228,0.328,1,E_Red_R,Practice,Expected,Amber,Right,15.556,0.297,0,0.857,-0.002,,0.224,1,TrialEnd,15.556,0.297,,,-1,50,50,0,0
P000,Day,15.228,0.376,1,E_Red_R,Practice,Expected,Amber,Right,15.604,0.345,0,0.857,-0.002,,0.224,1,TrialEnd,15.556,0.297,,,-1,50,50,0,0
P000,Day,15.228,0.48,1,E_Red_R,Practice,Expected,Amber,Right,15.708,0.449,0,0.857,-0.002,,0.224,1,TrialEnd,15.556,0.297,,,-1,50,50,0,0
P000,Day,15.228,0.579,1,E_Red_R,Practice,Expected,Amber,Right,15.807,0.549,0,0.857,-0.002,,0.224,1,TrialEnd,15.556,0.297,Red,0,0.252,50,50,0,0
P000,Day,15.228,0.579,1,E_Red_R,Practice,Expected,Amber,Right,15.807,0.549,0,0.857,-0.002,,0.224,1,TrialEnd,15.556,0.297,Red,0,0.252,50,50,0,0
P000,Day,15.228,0.679,1,E_Red_R,Practice,Expected,Amber,Right,15.907,0.648,0,0.857,-0.002,,0.224,1,TrialEnd,15.556,0.297,Red,0,0.252,50,50,0,0
P000,Day,15.228,0.775,1,E_Red_R,Practice,Expected,Amber,Right,16.003,0.745,0,0.857,-0.002,,0.224,1,TrialEnd,15.556,0.297,Red,0,0.252,50,50,0,0
P000,Day,15.228,0.878,1,E_Red_R,Practice,Expected,Amber,Right,16.106,0.848,0,0.857,-0.002,,0.224,1,TrialEnd,15.556,0.297,Red,0,0.252,50,50,0,0
P000,Day,15.228,0.977,1,E_Red_R,Practice,Expected,Amber,Right,16.205,0.946,0,0.857,-0.002,,0.224,1,TrialEnd,15.556,0.297,Red,0,0.252,50,50,0,0
P000,Day,15.228,1.073,1,E_Red_R,Practice,Expected,Amber,Right,16.301,1.042,0,0.857,-0.002,,0.224,1,TrialEnd,15.556,0.297,Red,0,0.252,50,50,0,0
P000,Day,15.228,1.18,1,E_Red_R,Practice,Expected,Amber,Right,16.408,1.15,0,0.857,-0.002,,0.224,1,TrialEnd,15.556,0.297,Red,0,0.252,50,50,0,0
P000,Day,15.228,1.275,1,E_Red_R,Practice,Expected,Amber,Right,16.503,1.244,0,0.857,-0.002,,0.224,1,TrialEnd,15.556,0.297,Red,0,0.252,50,50,0,0
P000,Day,15.228,1.378,1,E_Red_R,Practice,Expected,Amber,Right,16.606,1.348,0,0.857,-0.002,,0.224,1,TrialEnd,15.556,0.297,Red,0,0.252,50,50,0,0
P000,Day,15.228,1.476,1,E_Red_R,Practice,Expected,Amber,Right,16.704,1.446,0,0.857,-0.002,,0.224,1,TrialEnd,15.556,0.297,Red,0,0.252,50,50,0,0
P000,Day,15.228,1.581,1,E_Red_R,Practice,Expected,Amber,Right,16.809,1.551,0,0.857,-0.002,,0.224,1,TrialEnd,15.556,0.297,Red,0,0.252,50,50,0,0
P000,Day,15.228,1.679,1,E_Red_R,Practice,Expected,Amber,Right,16.907,1.648,0,0.857,-0.002,,0.224,1,TrialEnd,15.556,0.297,Red,0,0.252,50,50,0,0
P000,Day,15.228,1.773,1,E_Red_R,Practice,Expected,Amber,Right,17.001,1.742,0,0.857,-0.002,,0.224,1,TrialEnd,15.556,0.297,Red,0,0.252,50,50,0,0
P000,Day,15.228,1.875,1,E_Red_R,Practice,Expected,Amber,Right,17.103,1.844,0,0.857,-0.002,,0.224,1,TrialEnd,15.556,0.297,Red,0,0.252,50,50,0,0
P000,Day,15.228,1.979,1,E_Red_R,Practice,Expected,Amber,Right,17.207,1.948,0,0.857,-0.002,,0.224,1,TrialEnd,15.556,0.297,Red,0,0.252,50,50,0,0
P000,Day,15.228,2.077,1,E_Red_R,Practice,Expected,Amber,Right,17.305,2.047,0,0.857,-0.002,,0.224,1,TrialEnd,15.556,0.297,Red,0,0.252,50,50,0,0
P000,Day,15.228,2.182,1,E_Red_R,Practice,Expected,Amber,Right,17.41,2.152,0,0.857,-0.002,,0.224,1,TrialEnd,15.556,0.297,Red,0,0.252,50,50,0,0
P000,Day,15.228,2.276,1,E_Red_R,Practice,Expected,Amber,Right,17.504,2.245,0,0.857,-0.002,,0.224,1,TrialEnd,15.556,0.297,Red,0,0.252,50,50,0,0
P000,Day,15.228,2.381,1,E_Red_R,Practice,Expected,Amber,Right,17.61,2.351,0,0.857,-0.002,,0.224,1,TrialEnd,15.556,0.297,Red,0,0.252,50,50,0,0
P000,Day,15.228,2.475,1,E_Red_R,Practice,Expected,Amber,Right,17.703,2.444,0,0.857,-0.002,,0.224,1,TrialEnd,15.556,0.297,Red,0,0.252,50,50,0,0
P000,Day,15.228,2.578,1,E_Red_R,Practice,Expected,Amber,Right,17.806,2.547,0,0.857,-0.002,,0.224,1,TrialEnd,15.556,0.297,Red,0,0.252,50,50,0,0
P000,Day,15.228,2.677,1,E_Red_R,Practice,Expected,Amber,Right,17.905,2.647,0,0.857,-0.002,,0.224,1,TrialEnd,15.556,0.297,Red,0,0.252,50,50,0,0
P000,Day,15.228,2.779,1,E_Red_R,Practice,Expected,Amber,Right,18.008,2.749,0,0.857,-0.002,,0.224,1,TrialEnd,15.556,0.297,Red,0,0.252,50,50,0,0
P000,Day,15.228,2.877,1,E_Red_R,Practice,Expected,Amber,Right,18.105,2.846,0,0.857,-0.002,,0.224,1,TrialEnd,15.556,0.297,Red,0,0.252,50,50,0,0
P000,Day,15.228,2.979,1,E_Red_R,Practice,Expected,Amber,Right,18.207,2.949,0,0.857,-0.002,,0.224,1,TrialEnd,15.556,0.297,Red,0,0.252,50,50,0,0
P000,Day,15.228,3.075,1,E_Red_R,Practice,Expected,Amber,Right,18.303,3.045,0,0.857,-0.002,,0.224,1,TrialEnd,15.556,0.297,Red,0,0.252,50,50,0,0
P000,Day,15.228,3.179,1,E_Red_R,Practice,Expected,Amber,Right,18.407,3.149,0,0.857,-0.002,,0.224,1,TrialEnd,15.556,0.297,Red,0,0.252,50,50,0,0
P000,Day,15.228,3.275,1,E_Red_R,Practice,Expected,Amber,Right,18.503,3.244,0,0.857,-0.002,,0.224,1,TrialEnd,15.556,0.297,Red,0,0.252,50,50,0,0
P000,Day,15.228,3.379,1,E_Red_R,Practice,Expected,Amber,Right,18.607,3.349,0,0.857,-0.002,,0.224,1,TrialEnd,15.556,0.297,Red,0,0.252,50,50,0,0
P000,Day,15.228,3.479,1,E_Red_R,Practice,Expected,Amber,Right,18.708,3.449,0,0.857,-0.002,,0.224,1,TrialEnd,15.556,0.297,Red,0,0.252,50,50,0,0
P000,Day,15.228,3.574,1,E_Red_R,Practice,Expected,Amber,Right,18.802,3.543,0,0.857,-0.002,,0.224,1,TrialEnd,15.556,0.297,Red,0,0.252,50,50,0,0
P000,Day,15.228,3.673,1,E_Red_R,Practice,Expected,Amber,Right,18.901,3.643,0,0.857,-0.002,,0.224,1,TrialEnd,15.556,0.297,Red,0,0.252,50,50,0,0
P000,Day,15.228,3.779,1,E_Red_R,Practice,Expected,Amber,Right,19.008,3.749,0,0.857,-0.002,,0.224,1,TrialEnd,15.556,0.297,Red,0,0.252,50,50,0,0
P000,Day,15.228,3.874,1,E_Red_R,Practice,Expected,Amber,Right,19.102,3.844,0,0.857,-0.002,,0.224,1,TrialEnd,15.556,0.297,Red,0,0.252,50,50,0,0
P000,Day,15.228,3.978,1,E_Red_R,Practice,Expected,Amber,Right,19.207,3.948,0,0.857,-0.002,,0.224,1,TrialEnd,15.556,0.297,Red,0,0.252,50,50,0,0
P000,Day,15.228,4.08,1,E_Red_R,Practice,Expected,Amber,Right,19.308,4.05,0,0.857,-0.002,,0.224,1,TrialEnd,15.556,0.297,Red,0,0.252,50,50,0,0
P000,Day,15.228,4.173,1,E_Red_R,Practice,Expected,Amber,Right,19.401,4.142,0,0.857,-0.002,,0.224,1,TrialEnd,15.556,0.297,Red,0,0.252,50,50,0,0
P000,Day,15.228,4.278,1,E_Red_R,Practice,Expected,Amber,Right,19.506,4.247,0,0.857,-0.002,,0.224,1,TrialEnd,15.556,0.297,Red,0,0.252,50,50,0,0
P000,Day,15.228,4.379,1,E_Red_R,Practice,Expected,Amber,Right,19.607,4.348,0,0.857,-0.002,,0.224,1,TrialEnd,15.556,0.297,Red,0,0.252,50,50,0,0
P000,Day,15.228,4.48,1,E_Red_R,Practice,Expected,Amber,Right,19.708,4.45,0,0.857,-0.002,,0.224,1,TrialEnd,15.556,0.297,Red,0,0.252,50,50,0,0
P000,Day,15.228,4.573,1,E_Red_R,Practice,Expected,Amber,Right,19.801,4.542,0,0.857,-0.002,,0.224,1,TrialEnd,15.556,0.297,Red,0,0.252,50,50,0,0
P000,Day,15.228,4.679,1,E_Red_R,Practice,Expected,Amber,Right,19.907,4.648,0,0.857,-0.002,,0.224,1,TrialEnd,15.556,0.297,Red,0,0.252,50,50,0,0
P000,Day,15.228,4.778,1,E_Red_R,Practice,Expected,Amber,Right,20.006,4.748,0,0.857,-0.002,,0.224,1,TrialEnd,15.556,0.297,Red,0,0.252,50,50,0,0
P000,Day,15.228,4.874,1,E_Red_R,Practice,Expected,Amber,Right,20.102,4.843,0,0.857,-0.002,,0.224,1,TrialEnd,15.556,0.297,Red,0,0.252,50,50,0,0
P000,Day,15.228,4.976,1,E_Red_R,Practice,Expected,Amber,Right,20.204,4.945,0,0.857,-0.002,,0.224,1,TrialEnd,15.556,0.297,Red,0,0.252,50,50,0,0
P000,Day,15.228,5.074,1,E_Red_R,Practice,Expected,Amber,Right,20.302,5.043,0,0.857,-0.002,,0.224,1,TrialEnd,15.556,0.297,Red,0,0.252,50,50,0,0
P000,Day,15.228,5.179,1,E_Red_R,Practice,Expected,Amber,Right,20.407,5.148,0,0.857,-0.002,,0.224,1,TrialEnd,15.556,0.297,Red,0,0.252,50,50,0,0
P000,Day,15.228,5.279,1,E_Red_R,Practice,Expected,Amber,Right,20.507,5.248,0,0.857,-0.002,,0.224,1,TrialEnd,15.556,0.297,Red,0,0.252,50,50,0,0
P000,Day,15.228,5.374,1,E_Red_R,Practice,Expected,Amber,Right,20.602,5.343,0,0.857,-0.002,,0.224,1,TrialEnd,15.556,0.297,Red,0,0.252,50,50,0,0
P000,Day,15.228,5.478,1,E_Red_R,Practice,Expected,Amber,Right,20.706,5.447,0,0.857,-0.002,,0.224,1,TrialEnd,15.556,0.297,Red,0,0.252,50,50,0,0
P000,Day,21.071,0.034,2,U_Red_L,Practice,Unexpected,Red,Left,21.106,0,0,0.882,-0.002,,3.823,0,,-1,-1,,,-1,50,50,0,0
P000,Day,21.071,0.055,2,U_Red_L,Practice,Unexpected,Red,Left,21.127,0.021,0,0.882,-0.002,,3.823,0,,-1,-1,,,-1,50,50,0,0
P000,Day,21.071,0.081,2,U_Red_L,Practice,Unexpected,Red,Left,21.153,0.047,0,0.849,-0.002,,3.354,0,,-1,-1,,,-1,50,50,0,0
P000,Day,21.071,0.092,2,U_Red_L,Practice,Unexpected,Red,Left,21.163,0.058,0,0.834,-0.002,,0,0,,-1,-1,,,-1,50,50,0,0
P000,Day,21.071,0.133,2,U_Red_L,Practice,Unexpected,Red,Left,21.205,0.099,0,0.844,-0.002,,0.089,0,,-1,-1,,,-1,50,50,0,0
P000,Day,21.071,0.231,2,U_Red_L,Practice,Unexpected,Red,Left,21.303,0.197,0,0.852,-0.002,,0.23,0,,-1,-1,,,-1,50,50,0,0
P000,Day,21.071,0.276,2,U_Red_L,Practice,Unexpected,Red,Left,21.348,0.242,0,0.855,-0.002,,0.23,1,TrialEnd,21.348,0.242,,,-1,50,50,0,0
P000,Day,21.071,0.338,2,U_Red_L,Practice,Unexpected,Red,Left,21.409,0.304,0,0.855,-0.002,,0.23,1,TrialEnd,21.348,0.242,,,-1,50,50,0,0
P000,Day,21.071,0.438,2,U_Red_L,Practice,Unexpected,Red,Left,21.509,0.404,0,0.855,-0.002,,0.23,1,TrialEnd,21.348,0.242,,,-1,50,50,0,0
P000,Day,21.071,0.538,2,U_Red_L,Practice,Unexpected,Red,Left,21.609,0.504,0,0.855,-0.002,,0.23,1,TrialEnd,21.348,0.242,,,-1,50,50,0,0
P000,Day,21.071,0.606,2,U_Red_L,Practice,Unexpected,Red,Left,21.678,0.572,0,0.855,-0.002,,0.23,1,TrialEnd,21.348,0.242,Red,1,0.33,50,50,0,0
P000,Day,21.071,0.638,2,U_Red_L,Practice,Unexpected,Red,Left,21.709,0.604,0,0.855,-0.002,,0.23,1,TrialEnd,21.348,0.242,Red,1,0.33,50,50,0,0
P000,Day,21.071,0.734,2,U_Red_L,Practice,Unexpected,Red,Left,21.805,0.7,0,0.855,-0.002,,0.23,1,TrialEnd,21.348,0.242,Red,1,0.33,50,50,0,0
P000,Day,21.071,0.83,2,U_Red_L,Practice,Unexpected,Red,Left,21.901,0.796,0,0.855,-0.002,,0.23,1,TrialEnd,21.348,0.242,Red,1,0.33,50,50,0,0
P000,Day,21.071,0.934,2,U_Red_L,Practice,Unexpected,Red,Left,22.005,0.9,0,0.855,-0.002,,0.23,1,TrialEnd,21.348,0.242,Red,1,0.33,50,50,0,0
P000,Day,21.071,1.036,2,U_Red_L,Practice,Unexpected,Red,Left,22.107,1.002,0,0.855,-0.002,,0.23,1,TrialEnd,21.348,0.242,Red,1,0.33,50,50,0,0
P000,Day,21.071,1.13,2,U_Red_L,Practice,Unexpected,Red,Left,22.201,1.095,0,0.855,-0.002,,0.23,1,TrialEnd,21.348,0.242,Red,1,0.33,50,50,0,0
P000,Day,21.071,1.233,2,U_Red_L,Practice,Unexpected,Red,Left,22.304,1.199,0,0.855,-0.002,,0.23,1,TrialEnd,21.348,0.242,Red,1,0.33,50,50,0,0
P000,Day,21.071,1.336,2,U_Red_L,Practice,Unexpected,Red,Left,22.408,1.302,0,0.855,-0.002,,0.23,1,TrialEnd,21.348,0.242,Red,1,0.33,50,50,0,0
P000,Day,21.071,1.434,2,U_Red_L,Practice,Unexpected,Red,Left,22.505,1.4,0,0.855,-0.002,,0.23,1,TrialEnd,21.348,0.242,Red,1,0.33,50,50,0,0
P000,Day,21.071,1.536,2,U_Red_L,Practice,Unexpected,Red,Left,22.607,1.502,0,0.855,-0.002,,0.23,1,TrialEnd,21.348,0.242,Red,1,0.33,50,50,0,0
P000,Day,21.071,1.634,2,U_Red_L,Practice,Unexpected,Red,Left,22.705,1.6,0,0.855,-0.002,,0.23,1,TrialEnd,21.348,0.242,Red,1,0.33,50,50,0,0
P000,Day,21.071,1.732,2,U_Red_L,Practice,Unexpected,Red,Left,22.803,1.698,0,0.855,-0.002,,0.23,1,TrialEnd,21.348,0.242,Red,1,0.33,50,50,0,0
P000,Day,21.071,1.832,2,U_Red_L,Practice,Unexpected,Red,Left,22.903,1.798,0,0.855,-0.002,,0.23,1,TrialEnd,21.348,0.242,Red,1,0.33,50,50,0,0
P000,Day,21.071,1.932,2,U_Red_L,Practice,Unexpected,Red,Left,23.003,1.898,0,0.855,-0.002,,0.23,1,TrialEnd,21.348,0.242,Red,1,0.33,50,50,0,0
P000,Day,21.071,2.03,2,U_Red_L,Practice,Unexpected,Red,Left,23.101,1.996,0,0.855,-0.002,,0.23,1,TrialEnd,21.348,0.242,Red,1,0.33,50,50,0,0
P000,Day,21.071,2.137,2,U_Red_L,Practice,Unexpected,Red,Left,23.208,2.103,0,0.855,-0.002,,0.23,1,TrialEnd,21.348,0.242,Red,1,0.33,50,50,0,0
P000,Day,21.071,2.229,2,U_Red_L,Practice,Unexpected,Red,Left,23.301,2.195,0,0.855,-0.002,,0.23,1,TrialEnd,21.348,0.242,Red,1,0.33,50,50,0,0
P000,Day,21.071,2.337,2,U_Red_L,Practice,Unexpected,Red,Left,23.409,2.303,0,0.855,-0.002,,0.23,1,TrialEnd,21.348,0.242,Red,1,0.33,50,50,0,0
P000,Day,21.071,2.43,2,U_Red_L,Practice,Unexpected,Red,Left,23.501,2.396,0,0.855,-0.002,,0.23,1,TrialEnd,21.348,0.242,Red,1,0.33,50,50,0,0
P000,Day,21.071,2.534,2,U_Red_L,Practice,Unexpected,Red,Left,23.605,2.5,0,0.855,-0.002,,0.23,1,TrialEnd,21.348,0.242,Red,1,0.33,50,50,0,0
P000,Day,21.071,2.635,2,U_Red_L,Practice,Unexpected,Red,Left,23.706,2.601,0,0.855,-0.002,,0.23,1,TrialEnd,21.348,0.242,Red,1,0.33,50,50,0,0
P000,Day,21.071,2.738,2,U_Red_L,Practice,Unexpected,Red,Left,23.81,2.704,0,0.855,-0.002,,0.23,1,TrialEnd,21.348,0.242,Red,1,0.33,50,50,0,0
P000,Day,21.071,2.839,2,U_Red_L,Practice,Unexpected,Red,Left,23.91,2.805,0,0.855,-0.002,,0.23,1,TrialEnd,21.348,0.242,Red,1,0.33,50,50,0,0
P000,Day,21.071,2.937,2,U_Red_L,Practice,Unexpected,Red,Left,24.008,2.903,0,0.855,-0.002,,0.23,1,TrialEnd,21.348,0.242,Red,1,0.33,50,50,0,0
P000,Day,21.071,3.031,2,U_Red_L,Practice,Unexpected,Red,Left,24.102,2.997,0,0.855,-0.002,,0.23,1,TrialEnd,21.348,0.242,Red,1,0.33,50,50,0,0
P000,Day,21.071,3.133,2,U_Red_L,Practice,Unexpected,Red,Left,24.204,3.099,0,0.855,-0.002,,0.23,1,TrialEnd,21.348,0.242,Red,1,0.33,50,50,0,0
P000,Day,21.071,3.23,2,U_Red_L,Practice,Unexpected,Red,Left,24.301,3.196,0,0.855,-0.002,,0.23,1,TrialEnd,21.348,0.242,Red,1,0.33,50,50,0,0
P000,Day,21.071,3.329,2,U_Red_L,Practice,Unexpected,Red,Left,24.401,3.295,0,0.855,-0.002,,0.23,1,TrialEnd,21.348,0.242,Red,1,0.33,50,50,0,0
P000,Day,21.071,3.434,2,U_Red_L,Practice,Unexpected,Red,Left,24.505,3.4,0,0.855,-0.002,,0.23,1,TrialEnd,21.348,0.242,Red,1,0.33,50,50,0,0
P000,Day,21.071,3.537,2,U_Red_L,Practice,Unexpected,Red,Left,24.609,3.503,0,0.855,-0.002,,0.23,1,TrialEnd,21.348,0.242,Red,1,0.33,50,50,0,0
P000,Day,21.071,3.632,2,U_Red_L,Practice,Unexpected,Red,Left,24.704,3.598,0,0.855,-0.002,,0.23,1,TrialEnd,21.348,0.242,Red,1,0.33,50,50,0,0
P000,Day,21.071,3.732,2,U_Red_L,Practice,Unexpected,Red,Left,24.804,3.698,0,0.855,-0.002,,0.23,1,TrialEnd,21.348,0.242,Red,1,0.33,50,50,0,0
P000,Day,21.071,3.833,2,U_Red_L,Practice,Unexpected,Red,Left,24.905,3.799,0,0.855,-0.002,,0.23,1,TrialEnd,21.348,0.242,Red,1,0.33,50,50,0,0
P000,Day,21.071,3.936,2,U_Red_L,Practice,Unexpected,Red,Left,25.008,3.902,0,0.855,-0.002,,0.23,1,TrialEnd,21.348,0.242,Red,1,0.33,50,50,0,0
P000,Day,21.071,4.034,2,U_Red_L,Practice,Unexpected,Red,Left,25.106,4,0,0.855,-0.002,,0.23,1,TrialEnd,21.348,0.242,Red,1,0.33,50,50,0,0
P000,Day,21.071,4.136,2,U_Red_L,Practice,Unexpected,Red,Left,25.207,4.102,0,0.855,-0.002,,0.23,1,TrialEnd,21.348,0.242,Red,1,0.33,50,50,0,0
P000,Day,21.071,4.229,2,U_Red_L,Practice,Unexpected,Red,Left,25.301,4.195,0,0.855,-0.002,,0.23,1,TrialEnd,21.348,0.242,Red,1,0.33,50,50,0,0
P000,Day,21.071,4.329,2,U_Red_L,Practice,Unexpected,Red,Left,25.401,4.295,0,0.855,-0.002,,0.23,1,TrialEnd,21.348,0.242,Red,1,0.33,50,50,0,0
P000,Day,21.071,4.431,2,U_Red_L,Practice,Unexpected,Red,Left,25.503,4.397,0,0.855,-0.002,,0.23,1,TrialEnd,21.348,0.242,Red,1,0.33,50,50,0,0
P000,Day,21.071,4.532,2,U_Red_L,Practice,Unexpected,Red,Left,25.603,4.498,0,0.855,-0.002,,0.23,1,TrialEnd,21.348,0.242,Red,1,0.33,50,50,0,0
P000,Day,21.071,4.635,2,U_Red_L,Practice,Unexpected,Red,Left,25.707,4.601,0,0.855,-0.002,,0.23,1,TrialEnd,21.348,0.242,Red,1,0.33,50,50,0,0
P000,Day,21.071,4.735,2,U_Red_L,Practice,Unexpected,Red,Left,25.806,4.701,0,0.855,-0.002,,0.23,1,TrialEnd,21.348,0.242,Red,1,0.33,50,50,0,0
P000,Day,21.071,4.836,2,U_Red_L,Practice,Unexpected,Red,Left,25.907,4.802,0,0.855,-0.002,,0.23,1,TrialEnd,21.348,0.242,Red,1,0.33,50,50,0,0
P000,Day,21.071,4.936,2,U_Red_L,Practice,Unexpected,Red,Left,26.008,4.902,0,0.855,-0.002,,0.23,1,TrialEnd,21.348,0.242,Red,1,0.33,50,50,0,0
P000,Day,21.071,5.034,2,U_Red_L,Practice,Unexpected,Red,Left,26.106,5,0,0.855,-0.002,,0.23,1,TrialEnd,21.348,0.242,Red,1,0.33,50,50,0,0
P000,Day,21.071,5.135,2,U_Red_L,Practice,Unexpected,Red,Left,26.206,5.101,0,0.855,-0.002,,0.23,1,TrialEnd,21.348,0.242,Red,1,0.33,50,50,0,0
P000,Day,21.071,5.23,2,U_Red_L,Practice,Unexpected,Red,Left,26.302,5.196,0,0.855,-0.002,,0.23,1,TrialEnd,21.348,0.242,Red,1,0.33,50,50,0,0
P000,Day,21.071,5.329,2,U_Red_L,Practice,Unexpected,Red,Left,26.401,5.295,0,0.855,-0.002,,0.23,1,TrialEnd,21.348,0.242,Red,1,0.33,50,50,0,0
P000,Day,21.071,5.432,2,U_Red_L,Practice,Unexpected,Red,Left,26.504,5.398,0,0.855,-0.002,,0.23,1,TrialEnd,21.348,0.242,Red,1,0.33,50,50,0,0
P000,Day,21.071,5.532,2,U_Red_L,Practice,Unexpected,Red,Left,26.604,5.498,0,0.855,-0.002,,0.23,1,TrialEnd,21.348,0.242,Red,1,0.33,50,50,0,0
P000,Day,26.953,0.03,3,E_Amb_L,Practice,Unexpected,Amber,Left,26.983,0,0,0.886,-0.002,,3.823,0,,-1,-1,,,-1,50,50,0,0
P000,Day,26.953,0.073,3,E_Amb_L,Practice,Unexpected,Amber,Left,27.026,0.043,0,0.886,-0.002,,3.823,0,,-1,-1,,,-1,50,50,0,0
P000,Day,26.953,0.118,3,E_Amb_L,Practice,Unexpected,Amber,Left,27.071,0.088,0,0.852,-0.002,,3.354,0,,-1,-1,,,-1,50,50,0,0
P000,Day,26.953,0.131,3,E_Amb_L,Practice,Unexpected,Amber,Left,27.085,0.101,0,0.835,-0.002,,0,0,,-1,-1,,,-1,50,50,0,0
P000,Day,26.953,0.154,3,E_Amb_L,Practice,Unexpected,Amber,Left,27.107,0.124,0,0.843,-0.002,,0.039,0,,-1,-1,,,-1,50,50,0,0
P000,Day,26.953,0.255,3,E_Amb_L,Practice,Unexpected,Amber,Left,27.208,0.225,0,0.85,-0.002,,0.222,0,,-1,-1,,,-1,50,50,0,0
P000,Day,26.953,0.354,3,E_Amb_L,Practice,Unexpected,Amber,Left,27.307,0.324,0,0.86,-0.002,,0.204,0,,-1,-1,,,-1,50,50,0,0
P000,Day,26.953,0.454,3,E_Amb_L,Practice,Unexpected,Amber,Left,27.407,0.424,0,0.867,-0.002,,0.112,0,,-1,-1,,,-1,50,50,0,0
P000,Day,26.953,0.465,3,E_Amb_L,Practice,Unexpected,Amber,Left,27.418,0.435,0,0.867,-0.002,,0.112,1,TrialEnd,27.418,0.435,,,-1,50,50,0,0
P000,Day,26.953,0.555,3,E_Amb_L,Practice,Unexpected,Amber,Left,27.508,0.525,0,0.867,-0.002,,0.112,1,TrialEnd,27.418,0.435,,,-1,50,50,0,0
P000,Day,26.953,0.654,3,E_Amb_L,Practice,Unexpected,Amber,Left,27.607,0.624,0,0.867,-0.002,,0.112,1,TrialEnd,27.418,0.435,,,-1,50,50,0,0
P000,Day,26.953,0.749,3,E_Amb_L,Practice,Unexpected,Amber,Left,27.702,0.719,0,0.867,-0.002,,0.112,1,TrialEnd,27.418,0.435,,,-1,50,50,0,0
P000,Day,26.953,0.851,3,E_Amb_L,Practice,Unexpected,Amber,Left,27.804,0.821,0,0.867,-0.002,,0.112,1,TrialEnd,27.418,0.435,,,-1,50,50,0,0
P000,Day,26.953,0.955,3,E_Amb_L,Practice,Unexpected,Amber,Left,27.908,0.925,0,0.867,-0.002,,0.112,1,TrialEnd,27.418,0.435,,,-1,50,50,0,0
P000,Day,26.953,1.048,3,E_Amb_L,Practice,Unexpected,Amber,Left,28.001,1.018,0,0.867,-0.002,,0.112,1,TrialEnd,27.418,0.435,,,-1,50,50,0,0
P000,Day,26.953,1.059,3,E_Amb_L,Practice,Unexpected,Amber,Left,28.012,1.029,0,0.867,-0.002,,0.112,1,TrialEnd,27.418,0.435,Red,0,0.594,50,50,0,0
P000,Day,26.953,1.153,3,E_Amb_L,Practice,Unexpected,Amber,Left,28.107,1.123,0,0.867,-0.002,,0.112,1,TrialEnd,27.418,0.435,Red,0,0.594,50,50,0,0
P000,Day,26.953,1.256,3,E_Amb_L,Practice,Unexpected,Amber,Left,28.209,1.226,0,0.867,-0.002,,0.112,1,TrialEnd,27.418,0.435,Red,0,0.594,50,50,0,0
P000,Day,26.953,1.348,3,E_Amb_L,Practice,Unexpected,Amber,Left,28.301,1.318,0,0.867,-0.002,,0.112,1,TrialEnd,27.418,0.435,Red,0,0.594,50,50,0,0
P000,Day,26.953,1.453,3,E_Amb_L,Practice,Unexpected,Amber,Left,28.406,1.423,0,0.867,-0.002,,0.112,1,TrialEnd,27.418,0.435,Red,0,0.594,50,50,0,0
P000,Day,26.953,1.556,3,E_Amb_L,Practice,Unexpected,Amber,Left,28.509,1.526,0,0.867,-0.002,,0.112,1,TrialEnd,27.418,0.435,Red,0,0.594,50,50,0,0
P000,Day,26.953,1.657,3,E_Amb_L,Practice,Unexpected,Amber,Left,28.61,1.627,0,0.867,-0.002,,0.112,1,TrialEnd,27.418,0.435,Red,0,0.594,50,50,0,0
P000,Day,26.953,1.751,3,E_Amb_L,Practice,Unexpected,Amber,Left,28.704,1.721,0,0.867,-0.002,,0.112,1,TrialEnd,27.418,0.435,Red,0,0.594,50,50,0,0
P000,Day,26.953,1.853,3,E_Amb_L,Practice,Unexpected,Amber,Left,28.806,1.823,0,0.867,-0.002,,0.112,1,TrialEnd,27.418,0.435,Red,0,0.594,50,50,0,0
P000,Day,26.953,1.953,3,E_Amb_L,Practice,Unexpected,Amber,Left,28.907,1.923,0,0.867,-0.002,,0.112,1,TrialEnd,27.418,0.435,Red,0,0.594,50,50,0,0
P000,Day,26.953,2.051,3,E_Amb_L,Practice,Unexpected,Amber,Left,29.004,2.021,0,0.867,-0.002,,0.112,1,TrialEnd,27.418,0.435,Red,0,0.594,50,50,0,0
P000,Day,26.953,2.151,3,E_Amb_L,Practice,Unexpected,Amber,Left,29.104,2.121,0,0.867,-0.002,,0.112,1,TrialEnd,27.418,0.435,Red,0,0.594,50,50,0,0
P000,Day,26.953,2.251,3,E_Amb_L,Practice,Unexpected,Amber,Left,29.204,2.221,0,0.867,-0.002,,0.112,1,TrialEnd,27.418,0.435,Red,0,0.594,50,50,0,0
P000,Day,26.953,2.352,3,E_Amb_L,Practice,Unexpected,Amber,Left,29.305,2.322,0,0.867,-0.002,,0.112,1,TrialEnd,27.418,0.435,Red,0,0.594,50,50,0,0
P000,Day,26.953,2.453,3,E_Amb_L,Practice,Unexpected,Amber,Left,29.406,2.423,0,0.867,-0.002,,0.112,1,TrialEnd,27.418,0.435,Red,0,0.594,50,50,0,0
P000,Day,26.953,2.556,3,E_Amb_L,Practice,Unexpected,Amber,Left,29.51,2.526,0,0.867,-0.002,,0.112,1,TrialEnd,27.418,0.435,Red,0,0.594,50,50,0,0
P000,Day,26.953,2.658,3,E_Amb_L,Practice,Unexpected,Amber,Left,29.611,2.628,0,0.867,-0.002,,0.112,1,TrialEnd,27.418,0.435,Red,0,0.594,50,50,0,0
P000,Day,26.953,2.748,3,E_Amb_L,Practice,Unexpected,Amber,Left,29.701,2.718,0,0.867,-0.002,,0.112,1,TrialEnd,27.418,0.435,Red,0,0.594,50,50,0,0
P000,Day,26.953,2.855,3,E_Amb_L,Practice,Unexpected,Amber,Left,29.808,2.825,0,0.867,-0.002,,0.112,1,TrialEnd,27.418,0.435,Red,0,0.594,50,50,0,0
P000,Day,26.953,2.959,3,E_Amb_L,Practice,Unexpected,Amber,Left,29.912,2.929,0,0.867,-0.002,,0.112,1,TrialEnd,27.418,0.435,Red,0,0.594,50,50,0,0
P000,Day,26.953,3.05,3,E_Amb_L,Practice,Unexpected,Amber,Left,30.003,3.02,0,0.867,-0.002,,0.112,1,TrialEnd,27.418,0.435,Red,0,0.594,50,50,0,0
P000,Day,26.953,3.15,3,E_Amb_L,Practice,Unexpected,Amber,Left,30.104,3.12,0,0.867,-0.002,,0.112,1,TrialEnd,27.418,0.435,Red,0,0.594,50,50,0,0
P000,Day,26.953,3.256,3,E_Amb_L,Practice,Unexpected,Amber,Left,30.21,3.226,0,0.867,-0.002,,0.112,1,TrialEnd,27.418,0.435,Red,0,0.594,50,50,0,0
P000,Day,26.953,3.356,3,E_Amb_L,Practice,Unexpected,Amber,Left,30.309,3.326,0,0.867,-0.002,,0.112,1,TrialEnd,27.418,0.435,Red,0,0.594,50,50,0,0
P000,Day,26.953,3.454,3,E_Amb_L,Practice,Unexpected,Amber,Left,30.407,3.424,0,0.867,-0.002,,0.112,1,TrialEnd,27.418,0.435,Red,0,0.594,50,50,0,0
P000,Day,26.953,3.555,3,E_Amb_L,Practice,Unexpected,Amber,Left,30.508,3.525,0,0.867,-0.002,,0.112,1,TrialEnd,27.418,0.435,Red,0,0.594,50,50,0,0
P000,Day,26.953,3.655,3,E_Amb_L,Practice,Unexpected,Amber,Left,30.609,3.625,0,0.867,-0.002,,0.112,1,TrialEnd,27.418,0.435,Red,0,0.594,50,50,0,0
P000,Day,26.953,3.754,3,E_Amb_L,Practice,Unexpected,Amber,Left,30.707,3.724,0,0.867,-0.002,,0.112,1,TrialEnd,27.418,0.435,Red,0,0.594,50,50,0,0
P000,Day,26.953,3.854,3,E_Amb_L,Practice,Unexpected,Amber,Left,30.807,3.824,0,0.867,-0.002,,0.112,1,TrialEnd,27.418,0.435,Red,0,0.594,50,50,0,0
P000,Day,26.953,3.95,3,E_Amb_L,Practice,Unexpected,Amber,Left,30.904,3.92,0,0.867,-0.002,,0.112,1,TrialEnd,27.418,0.435,Red,0,0.594,50,50,0,0
P000,Day,26.953,4.049,3,E_Amb_L,Practice,Unexpected,Amber,Left,31.002,4.019,0,0.867,-0.002,,0.112,1,TrialEnd,27.418,0.435,Red,0,0.594,50,50,0,0
P000,Day,26.953,4.151,3,E_Amb_L,Practice,Unexpected,Amber,Left,31.105,4.121,0,0.867,-0.002,,0.112,1,TrialEnd,27.418,0.435,Red,0,0.594,50,50,0,0
P000,Day,26.953,4.254,3,E_Amb_L,Practice,Unexpected,Amber,Left,31.207,4.224,0,0.867,-0.002,,0.112,1,TrialEnd,27.418,0.435,Red,0,0.594,50,50,0,0
P000,Day,26.953,4.354,3,E_Amb_L,Practice,Unexpected,Amber,Left,31.307,4.324,0,0.867,-0.002,,0.112,1,TrialEnd,27.418,0.435,Red,0,0.594,50,50,0,0
P000,Day,26.953,4.452,3,E_Amb_L,Practice,Unexpected,Amber,Left,31.406,4.422,0,0.867,-0.002,,0.112,1,TrialEnd,27.418,0.435,Red,0,0.594,50,50,0,0
P000,Day,26.953,4.549,3,E_Amb_L,Practice,Unexpected,Amber,Left,31.502,4.519,0,0.867,-0.002,,0.112,1,TrialEnd,27.418,0.435,Red,0,0.594,50,50,0,0
P000,Day,26.953,4.65,3,E_Amb_L,Practice,Unexpected,Amber,Left,31.603,4.62,0,0.867,-0.002,,0.112,1,TrialEnd,27.418,0.435,Red,0,0.594,50,50,0,0
P000,Day,26.953,4.75,3,E_Amb_L,Practice,Unexpected,Amber,Left,31.703,4.72,0,0.867,-0.002,,0.112,1,TrialEnd,27.418,0.435,Red,0,0.594,50,50,0,0
P000,Day,26.953,4.849,3,E_Amb_L,Practice,Unexpected,Amber,Left,31.803,4.82,0,0.867,-0.002,,0.112,1,TrialEnd,27.418,0.435,Red,0,0.594,50,50,0,0
P000,Day,26.953,4.948,3,E_Amb_L,Practice,Unexpected,Amber,Left,31.902,4.918,0,0.867,-0.002,,0.112,1,TrialEnd,27.418,0.435,Red,0,0.594,50,50,0,0
P000,Day,26.953,5.056,3,E_Amb_L,Practice,Unexpected,Amber,Left,32.009,5.026,0,0.867,-0.002,,0.112,1,TrialEnd,27.418,0.435,Red,0,0.594,50,50,0,0
P000,Day,26.953,5.151,3,E_Amb_L,Practice,Unexpected,Amber,Left,32.104,5.121,0,0.867,-0.002,,0.112,1,TrialEnd,27.418,0.435,Red,0,0.594,50,50,0,0
P000,Day,26.953,5.25,3,E_Amb_L,Practice,Unexpected,Amber,Left,32.203,5.22,0,0.867,-0.002,,0.112,1,TrialEnd,27.418,0.435,Red,0,0.594,50,50,0,0
P000,Day,26.953,5.351,3,E_Amb_L,Practice,Unexpected,Amber,Left,32.304,5.321,0,0.867,-0.002,,0.112,1,TrialEnd,27.418,0.435,Red,0,0.594,50,50,0,0
P000,Day,26.953,5.452,3,E_Amb_L,Practice,Unexpected,Amber,Left,32.406,5.422,0,0.867,-0.002,,0.112,1,TrialEnd,27.418,0.435,Red,0,0.594,50,50,0,0
P000,Day,26.953,5.551,3,E_Amb_L,Practice,Unexpected,Amber,Left,32.504,5.521,0,0.867,-0.002,,0.112,1,TrialEnd,27.418,0.435,Red,0,0.594,50,50,0,0
P000,Day,26.953,5.652,3,E_Amb_L,Practice,Unexpected,Amber,Left,32.605,5.622,0,0.867,-0.002,,0.112,1,TrialEnd,27.418,0.435,Red,0,0.594,50,50,0,0
P000,Day,26.953,5.75,3,E_Amb_L,Practice,Unexpected,Amber,Left,32.703,5.72,0,0.867,-0.002,,0.112,1,TrialEnd,27.418,0.435,Red,0,0.594,50,50,0,0
P000,Day,26.953,5.849,3,E_Amb_L,Practice,Unexpected,Amber,Left,32.802,5.819,0,0.867,-0.002,,0.112,1,TrialEnd,27.418,0.435,Red,0,0.594,50,50,0,0
P000,Day,26.953,5.948,3,E_Amb_L,Practice,Unexpected,Amber,Left,32.901,5.918,0,0.867,-0.002,,0.112,1,TrialEnd,27.418,0.435,Red,0,0.594,50,50,0,0
P000,Day,26.953,6.049,3,E_Amb_L,Practice,Unexpected,Amber,Left,33.002,6.019,0,0.867,-0.002,,0.112,1,TrialEnd,27.418,0.435,Red,0,0.594,50,50,0,0
P000,Day,33.049,0.054,4,SubBlock,,,,,33.103,0.039,,,,,0.112,0,,-1,-1,,,-1,50,50,0,0
P000,Day,33.049,0.154,4,SubBlock,,,,,33.203,0.139,,,,,0.112,0,,-1,-1,,,-1,50,50,0,0
P000,Day,33.049,0.252,4,SubBlock,,,,,33.301,0.237,,,,,0.112,0,,-1,-1,,,-1,50,50,0,0
P000,Day,33.049,0.353,4,SubBlock,,,,,33.402,0.338,,,,,0.112,0,,-1,-1,,,-1,50,50,0,0
P000,Day,33.049,0.453,4,SubBlock,,,,,33.502,0.439,,,,,0.112,0,,-1,-1,,,-1,50,50,0,0
P000,Day,33.049,0.552,4,SubBlock,,,,,33.601,0.537,,,,,0.112,0,,-1,-1,,,-1,50,50,0,0
P000,Day,33.049,0.654,4,SubBlock,,,,,33.703,0.64,,,,,0.112,0,,-1,-1,,,-1,50,50,0,0
P000,Day,33.049,0.753,4,SubBlock,,,,,33.802,0.738,,,,,0.112,0,,-1,-1,,,-1,50,50,0,0
P000,Day,33.049,0.853,4,SubBlock,,,,,33.902,0.838,,,,,0.112,0,,-1,-1,,,-1,50,50,0,0
P000,Day,33.049,0.952,4,SubBlock,,,,,34.001,0.937,,,,,0.112,0,,-1,-1,,,-1,50,50,0,0
P000,Day,33.049,1.052,4,SubBlock,,,,,34.101,1.037,,,,,0.112,0,,-1,-1,,,-1,50,50,0,0
P000,Day,33.049,1.152,4,SubBlock,,,,,34.202,1.138,,,,,0.112,0,,-1,-1,,,-1,50,50,0,0
P000,Day,33.049,1.254,4,SubBlock,,,,,34.303,1.239,,,,,0.112,0,,-1,-1,,,-1,50,50,0,0
P000,Day,33.049,1.354,4,SubBlock,,,,,34.403,1.339,,,,,0.112,0,,-1,-1,,,-1,50,50,0,0
P000,Day,33.049,1.452,4,SubBlock,,,,,34.501,1.437,,,,,0.112,0,,-1,-1,,,-1,50,50,0,0
P000,Day,33.049,1.551,4,SubBlock,,,,,34.6,1.537,,,,,0.112,0,,-1,-1,,,-1,50,50,0,0
P000,Day,33.049,1.653,4,SubBlock,,,,,34.702,1.638,,,,,0.112,0,,-1,-1,,,-1,50,50,0,0
P000,Day,33.049,1.753,4,SubBlock,,,,,34.802,1.738,,,,,0.112,0,,-1,-1,,,-1,50,50,0,0
P000,Day,33.049,1.853,4,SubBlock,,,,,34.902,1.838,,,,,0.112,0,,-1,-1,,,-1,50,50,0,0
P000,Day,33.049,1.951,4,SubBlock,,,,,35,1.937,,,,,0.112,0,,-1,-1,,,-1,50,50,0,0
P000,Day,33.049,2.054,4,SubBlock,,,,,35.103,2.039,,,,,0.112,0,,-1,-1,,,-1,50,50,0,0
P000,Day,33.049,2.152,4,SubBlock,,,,,35.201,2.137,,,,,0.112,0,,-1,-1,,,-1,50,50,0,0
P000,Day,33.049,2.252,4,SubBlock,,,,,35.301,2.237,,,,,0.112,0,,-1,-1,,,-1,50,50,0,0
P000,Day,33.049,2.352,4,SubBlock,,,,,35.401,2.337,,,,,0.112,0,,-1,-1,,,-1,50,50,0,0
P000,Day,33.049,2.452,4,SubBlock,,,,,35.501,2.438,,,,,0.112,0,,-1,-1,,,-1,50,50,0,0
P000,Day,33.049,2.554,4,SubBlock,,,,,35.603,2.539,,,,,0.112,0,,-1,-1,,,-1,50,50,0,0
P000,Day,33.049,2.655,4,SubBlock,,,,,35.704,2.64,,,,,0.112,0,,-1,-1,,,-1,50,50,0,0
P000,Day,33.049,2.752,4,SubBlock,,,,,35.801,2.737,,,,,0.112,0,,-1,-1,,,-1,50,50,0,0
P000,Day,33.049,2.851,4,SubBlock,,,,,35.9,2.837,,,,,0.112,0,,-1,-1,,,-1,50,50,0,0
P000,Day,33.049,2.954,4,SubBlock,,,,,36.003,2.939,,,,,0.112,0,,-1,-1,,,-1,50,50,0,0
P000,Day,33.049,3.053,4,SubBlock,,,,,36.102,3.039,,,,,0.112,0,,-1,-1,,,-1,50,50,0,0
P000,Day,33.049,3.153,4,SubBlock,,,,,36.202,3.138,,,,,0.112,0,,-1,-1,,,-1,50,50,0,0
P000,Day,33.049,3.253,4,SubBlock,,,,,36.302,3.238,,,,,0.112,0,,-1,-1,,,-1,50,50,0,0
P000,Day,33.049,3.353,4,SubBlock,,,,,36.402,3.339,,,,,0.112,0,,-1,-1,,,-1,50,50,0,0
P000,Day,33.049,3.453,4,SubBlock,,,,,36.502,3.438,,,,,0.112,0,,-1,-1,,,-1,50,50,0,0
P000,Day,33.049,3.554,4,SubBlock,,,,,36.603,3.539,,,,,0.112,0,,-1,-1,,,-1,50,50,0,0
P000,Day,33.049,3.652,4,SubBlock,,,,,36.701,3.637,,,,,0.112,0,,-1,-1,,,-1,50,50,0,0
P000,Day,33.049,3.751,4,SubBlock,,,,,36.8,3.737,,,,,0.112,0,,-1,-1,,,-1,50,50,0,0
P000,Day,33.049,3.853,4,SubBlock,,,,,36.903,3.839,,,,,0.112,0,,-1,-1,,,-1,50,50,0,0
P000,Day,33.049,3.951,4,SubBlock,,,,,37.001,3.937,,,,,0.112,0,,-1,-1,,,-1,50,50,0,0
P000,Day,33.049,4.054,4,SubBlock,,,,,37.103,4.039,,,,,0.112,0,,-1,-1,,,-1,50,50,0,0
P000,Day,33.049,4.152,4,SubBlock,,,,,37.201,4.137,,,,,0.112,0,,-1,-1,,,-1,50,50,0,0
P000,Day,33.049,4.252,4,SubBlock,,,,,37.301,4.237,,,,,0.112,0,,-1,-1,,,-1,50,50,0,0
P000,Day,33.049,4.352,4,SubBlock,,,,,37.401,4.337,,,,,0.112,0,,-1,-1,,,-1,50,50,0,0
P000,Day,33.049,4.453,4,SubBlock,,,,,37.502,4.439,,,,,0.112,0,,-1,-1,,,-1,50,50,0,0
P000,Day,33.049,4.554,4,SubBlock,,,,,37.603,4.539,,,,,0.112,0,,-1,-1,,,-1,50,50,0,0
P000,Day,33.049,4.654,4,SubBlock,,,,,37.703,4.639,,,,,0.112,0,,-1,-1,,,-1,50,50,0,0
P000,Day,33.049,4.752,4,SubBlock,,,,,37.801,4.737,,,,,0.112,0,,-1,-1,,,-1,50,50,0,0
P000,Day,33.049,4.851,4,SubBlock,,,,,37.9,4.837,,,,,0.112,0,,-1,-1,,,-1,50,50,0,0
P000,Day,33.049,4.952,4,SubBlock,,,,,38.001,4.937,,,,,0.112,0,,-1,-1,,,-1,50,50,0,0
P000,Day,33.049,5.054,4,SubBlock,,,,,38.103,5.039,,,,,0.112,0,,-1,-1,,,-1,50,50,0,0
P000,Day,33.049,5.155,4,SubBlock,,,,,38.205,5.141,,,,,0.112,0,,-1,-1,,,-1,50,50,0,0
P000,Day,33.049,5.253,4,SubBlock,,,,,38.302,5.238,,,,,0.112,0,,-1,-1,,,-1,50,50,0,0
P000,Day,33.049,5.352,4,SubBlock,,,,,38.401,5.338,,,,,0.112,0,,-1,-1,,,-1,50,50,0,0
P000,Day,33.049,5.453,4,SubBlock,,,,,38.502,5.438,,,,,0.112,0,,-1,-1,,,-1,50,50,0,0
P000,Day,33.049,5.553,4,SubBlock,,,,,38.602,5.538,,,,,0.112,0,,-1,-1,,,-1,50,50,0,0
P000,Day,33.049,5.652,4,SubBlock,,,,,38.701,5.637,,,,,0.112,0,,-1,-1,,,-1,50,50,0,0
P000,Day,33.049,5.751,4,SubBlock,,,,,38.8,5.736,,,,,0.112,0,,-1,-1,,,-1,50,50,0,0
P000,Day,33.049,5.852,4,SubBlock,,,,,38.901,5.837,,,,,0.112,0,,-1,-1,,,-1,50,50,0,0
P000,Day,33.049,5.953,4,SubBlock,,,,,39.002,5.938,,,,,0.112,0,,-1,-1,,,-1,50,50,0,0
P000,Day,33.049,6.054,4,SubBlock,,,,,39.103,6.039,,,,,0.112,0,,-1,-1,,,-1,50,50,0,0
P000,Day,33.049,6.154,4,SubBlock,,,,,39.203,6.14,,,,,0.112,0,,-1,-1,,,-1,50,50,0,0
P000,Day,33.049,6.252,4,SubBlock,,,,,39.301,6.237,,,,,0.112,0,,-1,-1,,,-1,50,50,0,0
P000,Day,33.049,6.351,4,SubBlock,,,,,39.4,6.336,,,,,0.112,0,,-1,-1,,,-1,50,50,0,0
P000,Day,33.049,6.454,4,SubBlock,,,,,39.503,6.439,,,,,0.112,0,,-1,-1,,,-1,50,50,0,0
P000,Day,33.049,6.552,4,SubBlock,,,,,39.601,6.537,,,,,0.112,0,,-1,-1,,,-1,50,50,0,0
P000,Day,33.049,6.653,4,SubBlock,,,,,39.702,6.638,,,,,0.112,0,,-1,-1,,,-1,50,50,0,0
P000,Day,33.049,6.754,4,SubBlock,,,,,39.803,6.739,,,,,0.112,0,,-1,-1,,,-1,50,50,0,0
P000,Day,33.049,6.854,4,SubBlock,,,,,39.903,6.839,,,,,0.112,0,,-1,-1,,,-1,50,50,0,0
P000,Day,33.049,6.951,4,SubBlock,,,,,40,6.936,,,,,0.112,0,,-1,-1,,,-1,50,50,0,0
P000,Day,33.049,7.052,4,SubBlock,,,,,40.101,7.037,,,,,0.112,0,,-1,-1,,,-1,50,50,0,0
P000,Day,33.049,7.153,4,SubBlock,,,,,40.202,7.138,,,,,0.112,0,,-1,-1,,,-1,50,50,0,0
P000,Day,33.049,7.254,4,SubBlock,,,,,40.303,7.239,,,,,0.112,0,,-1,-1,,,-1,50,50,0,0
P000,Day,33.049,7.354,4,SubBlock,,,,,40.403,7.339,,,,,0.112,0,,-1,-1,,,-1,50,50,0,0
P000,Day,33.049,7.452,4,SubBlock,,,,,40.501,7.438,,,,,0.112,0,,-1,-1,,,-1,50,50,0,0
P000,Day,33.049,7.551,4,SubBlock,,,,,40.6,7.536,,,,,0.112,0,,-1,-1,,,-1,50,50,0,0
P000,Day,33.049,7.652,4,SubBlock,,,,,40.701,7.637,,,,,0.112,0,,-1,-1,,,-1,50,50,0,0
P000,Day,33.049,7.753,4,SubBlock,,,,,40.802,7.738,,,,,0.112,0,,-1,-1,,,-1,50,50,0,0
P000,Day,33.049,7.853,4,SubBlock,,,,,40.902,7.838,,,,,0.112,0,,-1,-1,,,-1,50,50,0,0
P000,Day,33.049,7.952,4,SubBlock,,,,,41.001,7.937,,,,,0.112,0,,-1,-1,,,-1,50,50,0,0
P000,Day,33.049,8.054,4,SubBlock,,,,,41.103,8.039,,,,,0.112,0,,-1,-1,,,-1,50,50,0,0
P000,Day,33.049,8.152,4,SubBlock,,,,,41.201,8.138,,,,,0.112,0,,-1,-1,,,-1,50,50,0,0
P000,Day,33.049,8.252,4,SubBlock,,,,,41.301,8.237,,,,,0.112,0,,-1,-1,,,-1,50,50,0,0
P000,Day,33.049,8.353,4,SubBlock,,,,,41.402,8.338,,,,,0.112,0,,-1,-1,,,-1,50,50,0,0
P000,Day,33.049,8.452,4,SubBlock,,,,,41.501,8.437,,,,,0.112,0,,-1,-1,,,-1,50,50,0,0
P000,Day,33.049,8.552,4,SubBlock,,,,,41.601,8.537,,,,,0.112,0,,-1,-1,,,-1,50,50,0,0
P000,Day,33.049,8.653,4,SubBlock,,,,,41.702,8.638,,,,,0.112,0,,-1,-1,,,-1,50,50,0,0
P000,Day,33.049,8.754,4,SubBlock,,,,,41.803,8.739,,,,,0.112,0,,-1,-1,,,-1,50,50,0,0
P000,Day,33.049,8.851,4,SubBlock,,,,,41.9,8.837,,,,,0.112,0,,-1,-1,,,-1,50,50,0,0
P000,Day,33.049,8.951,4,SubBlock,,,,,42,8.936,,,,,0.112,0,,-1,-1,,,-1,50,50,0,0
P000,Day,33.049,9.053,4,SubBlock,,,,,42.102,9.038,,,,,0.112,0,,-1,-1,,,-1,50,50,0,0
P000,Day,33.049,9.152,4,SubBlock,,,,,42.201,9.138,,,,,0.112,0,,-1,-1,,,-1,50,50,0,0
P000,Day,33.049,9.254,4,SubBlock,,,,,42.303,9.239,,,,,0.112,0,,-1,-1,,,-1,50,50,0,0
P000,Day,33.049,9.351,4,SubBlock,,,,,42.4,9.337,,,,,0.112,0,,-1,-1,,,-1,50,50,0,0
P000,Day,33.049,9.454,4,SubBlock,,,,,42.503,9.439,,,,,0.112,0,,-1,-1,,,-1,50,50,0,0
P000,Day,33.049,9.554,4,SubBlock,,,,,42.603,9.539,,,,,0.112,0,,-1,-1,,,-1,50,50,0,0
P000,Day,33.049,9.652,4,SubBlock,,,,,42.701,9.638,,,,,0.112,0,,-1,-1,,,-1,50,50,0,0
P000,Day,33.049,9.753,4,SubBlock,,,,,42.802,9.738,,,,,0.112,0,,-1,-1,,,-1,50,50,0,0
P000,Day,33.049,9.852,4,SubBlock,,,,,42.901,9.838,,,,,0.112,0,,-1,-1,,,-1,50,50,0,0
P000,Day,33.049,9.953,4,SubBlock,,,,,43.002,9.938,,,,,0.112,0,,-1,-1,,,-1,50,50,0,0
P000,Day,33.049,10.055,4,SubBlock,,,,,43.104,10.04,,,,,0.112,0,,-1,-1,,,-1,50,50,0,0
P000,Day,33.049,10.153,4,SubBlock,,,,,43.202,10.138,,,,,0.112,0,,-1,-1,,,-1,50,50,0,0
P000,Day,33.049,10.252,4,SubBlock,,,,,43.301,10.237,,,,,0.112,0,,-1,-1,,,-1,50,50,0,0
P000,Day,33.049,10.353,4,SubBlock,,,,,43.402,10.338,,,,,0.112,0,,-1,-1,,,-1,50,50,0,0
P000,Day,33.049,10.453,4,SubBlock,,,,,43.502,10.438,,,,,0.112,0,,-1,-1,,,-1,50,50,0,0
P000,Day,33.049,10.553,4,SubBlock,,,,,43.602,10.538,,,,,0.112,0,,-1,-1,,,-1,50,50,0,0
P000,Day,33.049,10.654,4,SubBlock,,,,,43.703,10.639,,,,,0.112,0,,-1,-1,,,-1,50,50,0,0
P000,Day,33.049,10.752,4,SubBlock,,,,,43.801,10.738,,,,,0.112,0,,-1,-1,,,-1,50,50,0,0
P000,Day,33.049,10.853,4,SubBlock,,,,,43.902,10.838,,,,,0.112,0,,-1,-1,,,-1,50,50,0,0
P000,Day,33.049,10.952,4,SubBlock,,,,,44.001,10.937,,,,,0.112,0,,-1,-1,,,-1,50,50,0,0
P000,Day,33.049,11.055,4,SubBlock,,,,,44.104,11.04,,,,,0.112,0,,-1,-1,,,-1,50,50,0,0
P000,Day,33.049,11.155,4,SubBlock,,,,,44.204,11.14,,,,,0.112,0,,-1,-1,,,-1,50,50,0,0
P000,Day,33.049,11.252,4,SubBlock,,,,,44.301,11.237,,,,,0.112,0,,-1,-1,,,-1,50,50,0,0
P000,Day,33.049,11.354,4,SubBlock,,,,,44.403,11.339,,,,,0.112,0,,-1,-1,,,-1,50,50,0,0
P000,Day,33.049,11.453,4,SubBlock,,,,,44.503,11.439,,,,,0.112,0,,-1,-1,,,-1,50,50,0,0
P000,Day,33.049,11.551,4,SubBlock,,,,,44.6,11.537,,,,,0.112,0,,-1,-1,,,-1,50,50,0,0
P000,Day,33.049,11.654,4,SubBlock,,,,,44.703,11.639,,,,,0.112,0,,-1,-1,,,-1,50,50,0,0
P000,Day,33.049,11.752,4,SubBlock,,,,,44.801,11.738,,,,,0.112,0,,-1,-1,,,-1,50,50,0,0
P000,Day,33.049,11.853,4,SubBlock,,,,,44.902,11.838,,,,,0.112,0,,-1,-1,,,-1,50,50,0,0
P000,Day,33.049,11.955,4,SubBlock,,,,,45.004,11.941,,,,,0.112,0,,-1,-1,,,-1,50,50,0,0
P000,Day,33.049,12.052,4,SubBlock,,,,,45.101,12.037,,,,,0.112,0,,-1,-1,,,-1,50,50,0,0
P000,Day,33.049,12.156,4,SubBlock,,,,,45.205,12.141,,,,,0.112,0,,-1,-1,,,-1,50,50,0,0
P000,Day,33.049,12.253,4,SubBlock,,,,,45.302,12.238,,,,,0.112,0,,-1,-1,,,-1,50,50,0,0
P000,Day,33.049,12.353,4,SubBlock,,,,,45.402,12.338,,,,,0.112,0,,-1,-1,,,-1,50,50,0,0
P000,Day,33.049,12.451,4,SubBlock,,,,,45.5,12.436,,,,,0.112,0,,-1,-1,,,-1,50,50,0,0
P000,Day,33.049,12.553,4,SubBlock,,,,,45.602,12.539,,,,,0.112,0,,-1,-1,,,-1,50,50,0,0
P000,Day,33.049,12.653,4,SubBlock,,,,,45.702,12.638,,,,,0.112,0,,-1,-1,,,-1,50,50,0,0
P000,Day,33.049,12.751,4,SubBlock,,,,,45.8,12.736,,,,,0.112,0,,-1,-1,,,-1,50,50,0,0
P000,Day,33.049,12.852,4,SubBlock,,,,,45.901,12.837,,,,,0.112,0,,-1,-1,,,-1,50,50,0,0
P000,Day,33.049,12.952,4,SubBlock,,,,,46.001,12.937,,,,,0.112,0,,-1,-1,,,-1,50,50,0,0
P000,Day,33.049,13.053,4,SubBlock,,,,,46.102,13.038,,,,,0.112,0,,-1,-1,,,-1,50,50,0,0
P000,Day,33.049,13.151,4,SubBlock,,,,,46.2,13.137,,,,,0.112,0,,-1,-1,,,-1,50,50,0,0
P000,Day,33.049,13.253,4,SubBlock,,,,,46.302,13.238,,,,,0.112,0,,-1,-1,,,-1,50,50,0,0
P000,Day,33.049,13.352,4,SubBlock,,,,,46.401,13.338,,,,,0.112,0,,-1,-1,,,-1,50,50,0,0
P000,Day,33.049,13.452,4,SubBlock,,,,,46.501,13.437,,,,,0.112,0,,-1,-1,,,-1,50,50,0,0
P000,Day,33.049,13.554,4,SubBlock,,,,,46.603,13.539,,,,,0.112,0,,-1,-1,,,-1,50,50,0,0
P000,Day,33.049,13.652,4,SubBlock,,,,,46.701,13.637,,,,,0.112,0,,-1,-1,,,-1,50,50,0,0
P000,Day,33.049,13.752,4,SubBlock,,,,,46.801,13.737,,,,,0.112,0,,-1,-1,,,-1,50,50,0,0
P000,Day,33.049,13.854,4,SubBlock,,,,,46.903,13.839,,,,,0.112,0,,-1,-1,,,-1,50,50,0,0
P000,Day,33.049,13.952,4,SubBlock,,,,,47.001,13.937,,,,,0.112,0,,-1,-1,,,-1,50,50,0,0
P000,Day,33.049,14.051,4,SubBlock,,,,,47.1,14.037,,,,,0.112,0,,-1,-1,,,-1,50,50,0,0
P000,Day,33.049,14.152,4,SubBlock,,,,,47.201,14.137,,,,,0.112,0,,-1,-1,,,-1,50,50,0,0
P000,Day,33.049,14.253,4,SubBlock,,,,,47.302,14.238,,,,,0.112,0,,-1,-1,,,-1,50,50,0,0
P000,Day,33.049,14.353,4,SubBlock,,,,,47.402,14.339,,,,,0.112,0,,-1,-1,,,-1,50,50,0,0
P000,Day,33.049,14.451,4,SubBlock,,,,,47.5,14.436,,,,,0.112,0,,-1,-1,,,-1,50,50,0,0
P000,Day,33.049,14.553,4,SubBlock,,,,,47.602,14.538,,,,,0.112,0,,-1,-1,,,-1,50,50,0,0
P000,Day,33.049,14.653,4,SubBlock,,,,,47.702,14.638,,,,,0.112,0,,-1,-1,,,-1,50,50,0,0
P000,Day,33.049,14.755,4,SubBlock,,,,,47.804,14.74,,,,,0.112,0,,-1,-1,,,-1,50,50,0,0
P000,Day,33.049,14.854,4,SubBlock,,,,,47.903,14.839,,,,,0.112,0,,-1,-1,,,-1,50,50,0,0
P000,Day,33.049,14.952,4,SubBlock,,,,,48.001,14.937,,,,,0.112,0,,-1,-1,,,-1,50,50,0,0
P000,Day,33.049,15.052,4,SubBlock,,,,,48.101,15.037,,,,,0.112,0,,-1,-1,,,-1,50,50,0,0
P000,Day,33.049,15.152,4,SubBlock,,,,,48.201,15.137,,,,,0.112,0,,-1,-1,,,-1,50,50,0,0
P000,Day,33.049,15.254,4,SubBlock,,,,,48.303,15.24,,,,,0.112,0,,-1,-1,,,-1,50,50,0,0
P000,Day,33.049,15.353,4,SubBlock,,,,,48.402,15.338,,,,,0.112,0,,-1,-1,,,-1,50,50,0,0
P000,Day,33.049,15.455,4,SubBlock,,,,,48.504,15.44,,,,,0.112,0,,-1,-1,,,-1,50,50,0,0
P000,Day,33.049,15.551,4,SubBlock,,,,,48.6,15.537,,,,,0.112,0,,-1,-1,,,-1,50,50,0,0
P000,Day,33.049,15.655,4,SubBlock,,,,,48.704,15.64,,,,,0.112,0,,-1,-1,,,-1,50,50,0,0
P000,Day,33.049,15.751,4,SubBlock,,,,,48.8,15.736,,,,,0.112,0,,-1,-1,,,-1,50,50,0,0
P000,Day,33.049,15.852,4,SubBlock,,,,,48.901,15.837,,,,,0.112,0,,-1,-1,,,-1,50,50,0,0
P000,Day,49.177,0.031,4,U_Amb_L,Main,Expected,Red,Left,49.208,16.144,0,0.936,-0.002,,4.023,0,,-1,-1,,,-1,50,50,0,0
P000,Day,49.177,0.055,4,U_Amb_L,Main,Expected,Red,Left,49.232,16.168,0,0.936,-0.002,,4.023,0,,-1,-1,,,-1,50,50,0,0
P000,Day,49.177,0.073,4,U_Amb_L,Main,Expected,Red,Left,49.249,16.186,0,0.899,-0.002,,4.389,0,,-1,-1,,,-1,50,50,0,0
P000,Day,49.177,0.126,4,U_Amb_L,Main,Expected,Red,Left,49.303,16.239,0,0.842,-0.002,,0,0,,-1,-1,,,-1,50,50,0,0
P000,Day,49.177,0.225,4,U_Amb_L,Main,Expected,Red,Left,49.402,16.338,0,0.849,-0.002,,0.209,0,,-1,-1,,,-1,50,50,0,0
P000,Day,49.177,0.325,4,U_Amb_L,Main,Expected,Red,Left,49.502,16.438,0,0.859,-0.002,,0.215,0,,-1,-1,,,-1,50,50,0,0
P000,Day,49.177,0.43,4,U_Amb_L,Main,Expected,Red,Left,49.607,16.543,0,0.867,-0.002,,0.112,0,,-1,-1,,,-1,50,50,0,0
P000,Day,49.177,0.532,4,U_Amb_L,Main,Expected,Red,Left,49.709,16.645,0,0.87,-0.002,,0.029,0,,-1,-1,,,-1,50,50,0,0
P000,Day,49.177,0.627,4,U_Amb_L,Main,Expected,Red,Left,49.804,16.74,0,0.871,-0.002,,0.012,0,,-1,-1,,,-1,50,50,0,0
P000,Day,49.177,0.735,4,U_Amb_L,Main,Expected,Red,Left,49.912,16.849,0,0.869,-0.002,,0.028,0,,-1,-1,,,-1,50,50,0,0
P000,Day,49.177,0.83,4,U_Amb_L,Main,Expected,Red,Left,50.007,16.944,0,0.868,-0.002,,0.021,0,,-1,-1,,,-1,50,50,0,0
P000,Day,49.177,0.932,4,U_Amb_L,Main,Expected,Red,Left,50.109,17.046,0,0.868,-0.002,,0.009,0,,-1,-1,,,-1,50,50,0,0
