ParticipantID,Block,TrialIndex,TrialType,Expectancy,SignalColor,MergeSide,TimeAbsolute,TimeRelative,X,Y,Z,SpeedMPH
999,Day,0,Practice,Unexpected,Red,Right,3.57,0.00,0.0000,0.8446,-0.0025,0.13
999,Day,0,Practice,Unexpected,Red,Right,3.57,0.00,0.0000,0.8446,-0.0025,0.13
999,Day,0,Practice,Unexpected,Red,Right,3.69,0.12,0.0000,0.8552,-0.0025,0.23
999,Day,0,Practice,Unexpected,Red,Right,3.80,0.23,0.0000,0.8651,-0.0025,0.14
999,Day,0,Practice,Unexpected,Red,Right,3.91,0.33,0.0000,0.8697,-0.0025,0.05
999,Day,0,Practice,Unexpected,Red,Right,4.01,0.44,0.0000,0.8706,-0.0025,0.01
999,Day,0,Practice,Unexpected,Red,Right,4.11,0.54,0.0000,0.8697,-0.0025,0.03
999,Day,0,Practice,Unexpected,Red,Right,4.21,0.64,0.0000,0.8685,-0.0025,0.02
999,Day,0,Practice,Unexpected,Red,Right,4.32,0.74,0.0000,0.8676,-0.0025,0.01
999,Day,0,Practice,Unexpected,Red,Right,4.42,0.85,0.0000,0.8673,-0.0025,0.00
999,Day,0,Practice,Unexpected,Red,Right,4.52,0.95,0.0000,0.8673,-0.0025,0.00
999,Day,0,Practice,Unexpected,Red,Right,4.63,1.05,0.0000,0.8675,-0.0025,0.00
999,Day,0,Practice,Unexpected,Red,Right,4.73,1.16,0.0000,0.8676,-0.0025,0.00
999,Day,0,Practice,Unexpected,Red,Right,4.83,1.26,0.0000,0.8677,-0.0025,0.00
999,Day,0,Practice,Unexpected,Red,Right,4.94,1.37,0.0000,0.8677,-0.0025,0.00
999,Day,0,Practice,Unexpected,Red,Right,5.04,1.47,0.0000,0.8677,-0.0013,0.04
999,Day,0,Practice,Unexpected,Red,Right,5.15,1.57,0.0000,0.8677,0.0070,0.31
999,Day,0,Practice,Unexpected,Red,Right,5.25,1.68,0.0000,0.8676,0.0330,0.90
999,Day,0,Practice,Unexpected,Red,Right,5.35,1.78,0.0000,0.8676,0.0850,1.53
999,Day,0,Practice,Unexpected,Red,Right,5.45,1.88,0.0000,0.8676,0.1665,2.20
999,Day,0,Practice,Unexpected,Red,Right,5.55,1.98,0.0000,0.8676,0.2814,2.88
999,Day,0,Practice,Unexpected,Red,Right,5.66,2.08,0.0006,0.8676,0.4259,3.55
999,Day,0,Practice,Unexpected,Red,Right,5.76,2.19,0.0076,0.8676,0.6154,4.21
999,Day,0,Practice,Unexpected,Red,Right,5.87,2.30,0.0235,0.8676,0.8412,4.99
999,Day,0,Practice,Unexpected,Red,Right,5.98,2.41,0.0355,0.8676,1.0968,5.66
999,Day,0,Practice,Unexpected,Red,Right,6.09,2.52,0.0433,0.8676,1.3912,6.44
999,Day,0,Practice,Unexpected,Red,Right,6.20,2.62,0.0544,0.8676,1.7166,7.11
999,Day,0,Practice,Unexpected,Red,Right,6.30,2.73,0.0625,0.8676,2.0638,7.90
999,Day,0,Practice,Unexpected,Red,Right,6.40,2.83,0.0705,0.8676,2.4428,8.57
999,Day,0,Practice,Unexpected,Red,Right,6.51,2.93,0.0752,0.8676,2.8443,9.23
999,Day,0,Practice,Unexpected,Red,Right,6.62,3.04,0.0671,0.8676,3.3133,9.89
999,Day,0,Practice,Unexpected,Red,Right,6.72,3.14,0.0615,0.8676,3.7908,10.67
999,Day,0,Practice,Unexpected,Red,Right,6.83,3.25,0.0626,0.8678,4.3199,11.35
999,Day,0,Practice,Unexpected,Red,Right,6.93,3.36,0.0797,0.8685,4.8801,12.10
999,Day,0,Practice,Unexpected,Red,Right,7.04,3.47,0.1057,0.8686,5.4846,12.78
999,Day,0,Practice,Unexpected,Red,Right,7.15,3.57,0.1174,0.8684,6.0968,13.43
999,Day,0,Practice,Unexpected,Red,Right,7.25,3.68,0.1160,0.8682,6.7448,14.20
999,Day,0,Practice,Unexpected,Red,Right,7.36,3.78,0.1297,0.8681,7.4277,14.84
999,Day,0,Practice,Unexpected,Red,Right,7.46,3.89,0.1624,0.8681,8.1237,15.50
999,Day,0,Practice,Unexpected,Red,Right,7.56,3.99,0.1813,0.8681,8.8473,16.14
999,Day,0,Practice,Unexpected,Red,Right,7.66,4.09,0.1853,0.8681,9.6011,16.80
999,Day,0,Practice,Unexpected,Red,Right,7.77,4.19,0.1939,0.8681,10.3932,17.58
999,Day,0,Practice,Unexpected,Red,Right,7.87,4.30,0.2158,0.8681,11.2313,18.23
999,Day,0,Practice,Unexpected,Red,Right,7.98,4.40,0.2475,0.8681,12.1086,18.90
999,Day,0,Practice,Unexpected,Red,Right,8.09,4.51,0.2670,0.8681,13.0286,19.65
999,Day,0,Practice,Unexpected,Red,Right,8.20,4.62,0.2717,0.8681,14.0121,20.31
999,Day,0,Practice,Unexpected,Red,Right,8.30,4.73,0.2935,0.8681,14.9798,21.07
999,Day,0,Practice,Unexpected,Red,Right,8.41,4.84,0.3268,0.8681,16.0333,21.74
999,Day,0,Practice,Unexpected,Red,Right,8.51,4.94,0.3672,0.8681,17.0452,22.38
999,Day,0,Practice,Unexpected,Red,Right,8.62,5.04,0.4278,0.8681,18.0925,23.04
999,Day,0,Practice,Unexpected,Red,Right,8.72,5.15,0.4856,0.8681,19.2011,23.80
999,Day,0,Practice,Unexpected,Red,Right,8.83,5.26,0.5246,0.8681,20.3606,24.45
999,Day,0,Practice,Unexpected,Red,Right,8.93,5.36,0.5744,0.8681,21.5271,25.20
999,Day,0,Practice,Unexpected,Red,Right,9.04,5.46,0.6510,0.8681,22.7106,25.85
999,Day,0,Practice,Unexpected,Red,Right,9.15,5.57,0.7323,0.8681,23.9535,26.51
999,Day,0,Practice,Unexpected,Red,Right,9.25,5.68,0.7980,0.8681,25.2359,27.26
999,Day,0,Practice,Unexpected,Red,Right,9.35,5.78,0.8676,0.8681,26.4941,27.91
999,Day,0,Practice,Unexpected,Red,Right,9.46,5.89,0.9704,0.8681,27.8463,28.54
999,Day,0,Practice,Unexpected,Red,Right,9.56,5.99,1.0602,0.8681,29.1418,29.17
999,Day,0,Practice,Unexpected,Red,Right,9.67,6.09,1.1278,0.8681,30.5455,29.91
999,Day,0,Practice,Unexpected,Red,Right,9.77,6.20,1.1851,0.8681,31.9683,30.57
999,Day,0,Practice,Unexpected,Red,Right,9.88,6.31,1.2178,0.8681,33.4470,31.18
999,Day,0,Practice,Unexpected,Red,Right,9.99,6.41,1.2120,0.8681,34.9081,31.93
999,Day,0,Practice,Unexpected,Red,Right,10.09,6.52,1.1878,0.8681,36.4425,32.59
999,Day,0,Practice,Unexpected,Red,Right,10.20,6.63,1.1558,0.8681,38.0684,33.35
999,Day,0,Practice,Unexpected,Red,Right,10.31,6.74,1.1384,0.8681,39.7023,33.91
999,Day,0,Practice,Unexpected,Red,Right,10.41,6.84,1.1255,0.8681,41.2861,34.30
999,Day,0,Practice,Unexpected,Red,Right,10.52,6.94,1.1330,0.8681,42.8479,34.47
999,Day,0,Practice,Unexpected,Red,Right,10.62,7.04,1.1593,0.8681,44.4069,34.51
999,Day,0,Practice,Unexpected,Red,Right,10.72,7.14,1.1937,0.8681,45.9621,34.67
999,Day,0,Practice,Unexpected,Red,Right,10.82,7.24,1.2293,0.8681,47.5235,34.99
999,Day,0,Practice,Unexpected,Red,Right,10.93,7.35,1.2657,0.8681,49.2440,35.30
999,Day,0,Practice,Unexpected,Red,Right,11.04,7.46,1.3118,0.8681,50.9805,35.44
999,Day,0,Practice,Unexpected,Red,Right,11.15,7.57,1.3412,0.8681,52.6990,35.40
999,Day,0,Practice,Unexpected,Red,Right,11.25,7.68,1.3464,0.8681,54.3650,35.39
999,Day,0,Practice,Unexpected,Red,Right,11.36,7.79,1.3443,0.8681,56.1141,35.49
999,Day,0,Practice,Unexpected,Red,Right,11.47,7.89,1.3326,0.8681,57.8012,35.85
999,Day,0,Practice,Unexpected,Red,Right,11.57,8.00,1.3231,0.8681,59.5019,36.36
999,Day,0,Practice,Unexpected,Red,Right,11.67,8.10,1.3191,0.8681,61.1595,37.00
999,Day,0,Practice,Unexpected,Red,Right,11.77,8.20,1.3089,0.8681,62.8327,37.67
999,Day,0,Practice,Unexpected,Red,Right,11.88,8.30,1.2967,0.8681,64.5424,38.33
999,Day,0,Practice,Unexpected,Red,Right,11.98,8.40,1.2855,0.8681,66.2805,38.99
999,Day,0,Practice,Unexpected,Red,Right,12.09,8.51,1.2760,0.8681,68.2063,39.77
999,Day,0,Practice,Unexpected,Red,Right,12.19,8.61,1.2701,0.8681,70.0292,40.43
999,Day,0,Practice,Unexpected,Red,Right,12.30,8.72,1.2658,0.8681,72.0180,41.09
999,Day,0,Practice,Unexpected,Red,Right,12.40,8.83,1.2480,0.8681,73.9615,41.84
999,Day,0,Practice,Unexpected,Red,Right,12.50,8.93,1.2203,0.8681,75.8824,42.51
999,Day,0,Practice,Unexpected,Red,Right,12.61,9.03,1.1895,0.8681,77.8704,43.17
999,Day,0,Practice,Unexpected,Red,Right,12.71,9.14,1.1621,0.8681,79.9321,43.81
999,Day,0,Practice,Unexpected,Red,Right,12.82,9.24,1.1506,0.8681,81.9514,44.46
999,Day,0,Practice,Unexpected,Red,Right,12.92,9.35,1.1374,0.8681,84.0874,45.24
999,Day,0,Practice,Unexpected,Red,Right,13.03,9.46,1.1254,0.8681,86.2789,45.90
999,Day,0,Practice,Unexpected,Red,Right,13.14,9.57,1.1190,0.8681,88.5608,46.67
999,Day,0,Practice,Unexpected,Red,Right,13.24,9.67,1.1197,0.8681,90.6756,47.33
999,Day,0,Practice,Unexpected,Red,Right,13.35,9.77,1.1251,0.8681,92.9614,47.99
999,Day,0,Practice,Unexpected,Red,Right,13.46,9.88,1.1165,0.8681,95.2922,48.74
999,Day,0,Practice,Unexpected,Red,Right,13.56,9.98,1.1042,0.8681,97.5223,49.40
999,Day,0,Practice,Unexpected,Red,Right,13.66,10.09,1.0893,0.8681,99.8904,50.06
999,Day,0,Practice,Unexpected,Red,Right,13.76,10.19,1.0694,0.8681,102.1641,50.72
999,Day,0,Practice,Unexpected,Red,Right,13.88,10.30,1.0540,0.8681,104.6936,51.48
999,Day,0,Practice,Unexpected,Red,Right,13.99,10.41,1.0428,0.8681,107.2489,52.25
999,Day,0,Practice,Unexpected,Red,Right,14.09,10.52,1.0286,0.8681,109.8116,52.91
999,Day,0,Practice,Unexpected,Red,Right,14.20,10.62,1.0165,0.8681,112.2690,53.57
999,Day,0,Practice,Unexpected,Red,Right,14.30,10.73,0.9959,0.8681,114.7215,54.21
999,Day,0,Practice,Unexpected,Red,Right,14.41,10.83,0.9670,0.8681,117.3719,54.98
999,Day,0,Practice,Unexpected,Red,Right,14.52,10.94,0.9383,0.8681,120.0471,55.64
999,Day,0,Practice,Unexpected,Red,Right,14.62,11.05,0.9058,0.8681,122.7549,56.41
999,Day,0,Practice,Unexpected,Red,Right,14.73,11.16,0.8670,0.8681,125.5227,57.07
999,Day,0,Practice,Unexpected,Red,Right,14.83,11.26,0.8251,0.8681,128.0941,57.72
999,Day,0,Practice,Unexpected,Red,Right,14.94,11.36,0.7757,0.8681,130.7699,58.49
999,Day,0,Practice,Unexpected,Red,Right,15.04,11.46,0.7216,0.8681,133.4009,59.15
999,Day,0,Practice,Unexpected,Red,Right,15.15,11.57,0.6550,0.8681,136.3548,59.81
999,Day,0,Practice,Unexpected,Red,Right,15.26,11.68,0.5916,0.8681,139.2463,60.56
999,Day,0,Practice,Unexpected,Red,Right,15.37,11.79,0.5463,0.8681,142.2444,61.21
999,Day,0,Practice,Unexpected,Red,Right,15.47,11.90,0.5088,0.8681,145.1077,61.90
999,Day,0,Practice,Unexpected,Red,Right,15.57,12.00,0.4798,0.8681,147.9185,62.32
999,Day,0,Practice,Unexpected,Red,Right,15.68,12.10,0.4573,0.8681,150.8554,62.54
999,Day,0,Practice,Unexpected,Red,Right,15.78,12.21,0.4277,0.8681,153.8066,62.60
999,Day,0,Practice,Unexpected,Red,Right,15.88,12.31,0.4039,0.8681,156.6547,62.61
999,Day,0,Practice,Unexpected,Red,Right,15.99,12.42,0.3834,0.8681,159.6401,62.60
999,Day,0,Practice,Unexpected,Red,Right,16.10,12.52,0.3621,0.8681,162.6799,62.58
999,Day,0,Practice,Unexpected,Red,Right,16.21,12.63,0.3373,0.8681,165.7285,62.44
999,Day,0,Practice,Unexpected,Red,Right,16.32,12.74,0.3077,0.8681,168.7529,62.34
999,Day,0,Practice,Unexpected,Red,Right,16.43,12.85,0.2716,0.8681,171.8269,62.30
999,Day,0,Practice,Unexpected,Red,Right,16.53,12.96,0.2395,0.8681,174.7939,62.26
999,Day,0,Practice,Unexpected,Red,Right,16.64,13.07,0.2282,0.8681,177.7979,62.23
999,Day,0,Practice,Unexpected,Red,Right,16.75,13.17,0.2238,0.8681,180.7553,62.21
999,Day,0,Practice,Unexpected,Red,Right,16.85,13.28,0.2283,0.8681,183.7224,62.18
999,Day,0,Practice,Unexpected,Red,Right,16.96,13.39,0.2481,0.8681,186.8065,62.08
999,Day,0,Practice,Unexpected,Red,Right,17.07,13.49,0.2813,0.8681,189.5912,61.95
999,Day,0,Practice,Unexpected,Red,Right,17.18,13.60,0.3354,0.8681,192.6681,61.75
999,Day,0,Practice,Unexpected,Red,Right,17.28,13.70,0.3990,0.8681,195.4379,61.63
999,Day,0,Practice,Unexpected,Red,Right,17.39,13.82,0.4859,0.8681,198.5494,61.47
999,Day,0,Practice,Unexpected,Red,Right,17.50,13.92,0.5815,0.8681,201.4948,61.38
999,Day,0,Practice,Unexpected,Red,Right,17.61,14.03,0.6911,0.8681,204.5080,61.33
999,Day,0,Practice,Unexpected,Red,Right,17.72,14.14,0.8091,0.8681,207.4825,61.25
999,Day,0,Practice,Unexpected,Red,Right,17.83,14.25,0.9358,0.8681,210.5005,61.19
999,Day,0,Practice,Unexpected,Red,Right,17.93,14.35,1.0507,0.8681,213.2924,61.17
999,Day,0,Practice,Unexpected,Red,Right,18.04,14.46,1.1773,0.8681,216.2850,61.15
999,Day,0,Practice,Unexpected,Red,Right,18.14,14.57,1.3013,0.8681,219.1951,61.14
999,Day,0,Practice,Unexpected,Red,Right,18.25,14.68,1.4241,0.8681,222.1876,61.11
999,Day,0,Practice,Unexpected,Red,Right,18.37,14.79,1.5250,0.8700,225.2312,61.08
999,Day,0,Practice,Unexpected,Red,Right,18.47,14.90,1.6105,0.8712,228.1664,61.06
999,Day,0,Practice,Unexpected,Red,Right,18.58,15.00,1.6820,0.8706,231.0320,61.04
999,Day,0,Practice,Unexpected,Red,Right,18.68,15.11,1.7385,0.8692,233.9084,61.02
999,Day,0,Practice,Unexpected,Red,Right,18.79,15.22,1.7789,0.8678,236.8269,61.00
999,Day,0,Practice,Unexpected,Red,Right,18.90,15.33,1.8032,0.8675,239.7908,60.98
999,Day,0,Practice,Unexpected,Red,Right,19.01,15.43,1.8118,0.8677,242.7117,60.96
999,Day,0,Practice,Unexpected,Red,Right,19.11,15.54,1.8072,0.8680,245.6123,60.94
999,Day,0,Practice,Unexpected,Red,Right,19.22,15.65,1.7907,0.8682,248.5479,60.92
999,Day,0,Practice,Unexpected,Red,Right,19.33,15.76,1.7637,0.8682,251.5307,60.90
999,Day,0,Practice,Unexpected,Red,Right,19.44,15.86,1.7289,0.8682,254.4377,60.88
999,Day,0,Practice,Unexpected,Red,Right,19.54,15.97,1.6871,0.8682,257.3363,60.87
999,Day,0,Practice,Unexpected,Red,Right,19.65,16.08,1.6390,0.8703,260.2593,60.85
999,Day,0,Practice,Unexpected,Red,Right,19.76,16.18,1.5862,0.8719,263.1692,60.84
999,Day,0,Practice,Unexpected,Red,Right,19.86,16.29,1.5325,0.8713,265.9275,60.83
999,Day,0,Practice,Unexpected,Red,Right,19.96,16.39,1.4764,0.8688,268.6502,60.81
999,Day,0,Practice,Unexpected,Red,Right,20.07,16.49,1.4137,0.8675,271.5656,60.79
999,Day,0,Practice,Unexpected,Red,Right,20.18,16.60,1.3468,0.8674,274.5576,60.78
999,Day,0,Practice,Unexpected,Red,Right,20.29,16.71,1.2790,0.8677,277.5052,60.76
999,Day,0,Practice,Unexpected,Red,Right,20.39,16.82,1.2096,0.8681,280.4528,60.75
999,Day,0,Practice,Unexpected,Red,Right,20.50,16.93,1.1412,0.8682,283.3081,60.74
999,Day,0,Practice,Unexpected,Red,Right,20.61,17.03,1.0696,0.8682,286.2535,60.72
999,Day,0,Practice,Unexpected,Red,Right,20.72,17.14,0.9970,0.8682,289.2066,60.71
999,Day,0,Practice,Unexpected,Red,Right,20.82,17.24,0.9293,0.8682,291.9359,60.69
999,Day,0,Practice,Unexpected,Red,Right,20.93,17.35,0.8544,0.8681,294.9316,60.68
999,Day,0,Practice,Unexpected,Red,Right,21.03,17.46,0.7858,0.8681,297.7659,60.66
999,Day,0,Practice,Unexpected,Red,Right,21.14,17.56,0.7338,0.8681,300.5970,60.63
999,Day,0,Practice,Unexpected,Red,Right,21.24,17.67,0.6880,0.8681,303.4068,60.61
999,Day,0,Practice,Unexpected,Red,Right,21.34,17.77,0.6496,0.8681,306.1485,60.60
999,Day,0,Practice,Unexpected,Red,Right,21.45,17.88,0.6177,0.8681,309.1589,60.58
999,Day,0,Practice,Unexpected,Red,Right,21.55,17.98,0.5993,0.8681,311.8708,60.56
999,Day,0,Practice,Unexpected,Red,Right,21.66,18.09,0.5904,0.8681,314.8525,60.55
999,Day,0,Practice,Unexpected,Red,Right,21.77,18.20,0.5927,0.8681,317.8192,60.53
999,Day,0,Practice,Unexpected,Red,Right,21.88,18.31,0.6053,0.8681,320.8161,60.51
999,Day,0,Practice,Unexpected,Red,Right,21.98,18.41,0.6246,0.8681,323.5301,60.49
999,Day,0,Practice,Unexpected,Red,Right,22.08,18.51,0.6503,0.8681,326.2346,60.48
999,Day,0,Practice,Unexpected,Red,Right,22.19,18.61,0.6820,0.8681,328.9633,60.46
999,Day,0,Practice,Unexpected,Red,Right,22.29,18.71,0.7186,0.8681,331.6964,60.45
999,Day,0,Practice,Unexpected,Red,Right,22.39,18.81,0.7522,0.8681,334.4738,60.42
999,Day,0,Practice,Unexpected,Red,Right,22.50,18.92,0.7780,0.8681,337.3496,60.41
999,Day,0,Practice,Unexpected,Red,Right,22.60,19.02,0.8014,0.8681,340.0686,60.40
999,Day,0,Practice,Unexpected,Red,Right,22.70,19.12,0.8208,0.8681,342.8073,60.38
999,Day,0,Practice,Unexpected,Red,Right,22.81,19.24,0.8346,0.8681,345.8181,60.36
999,Day,0,Practice,Unexpected,Red,Right,22.91,19.34,0.8423,0.8681,348.6620,60.35
999,Day,0,Practice,Unexpected,Red,Right,23.02,19.44,0.8543,0.8681,351.4080,60.33
999,Day,0,Practice,Unexpected,Red,Right,23.12,19.54,0.8625,0.8681,354.1611,60.31
999,Day,0,Practice,Unexpected,Red,Right,23.22,19.65,0.8688,0.8681,356.9240,60.30
999,Day,0,Practice,Unexpected,Red,Right,23.33,19.76,0.8659,0.8681,359.9248,60.26
999,Day,0,Practice,Unexpected,Red,Right,23.44,19.87,0.8468,0.8681,362.8979,60.24
999,Day,0,Practice,Unexpected,Red,Right,23.54,19.97,0.8260,0.8681,365.6356,60.23
999,Day,0,Practice,Unexpected,Red,Right,23.65,20.07,0.7992,0.8681,368.3571,60.21
999,Day,0,Practice,Unexpected,Red,Right,23.75,20.18,0.7626,0.8681,371.1819,60.20
999,Day,0,Practice,Unexpected,Red,Right,23.86,20.28,0.7159,0.8681,374.0166,60.28
999,Day,0,Practice,Unexpected,Red,Right,23.96,20.39,0.6641,0.8681,376.9108,60.31
999,Day,0,Practice,Unexpected,Red,Right,24.07,20.50,0.6242,0.8681,379.8434,60.30
999,Day,0,Practice,Unexpected,Red,Right,24.17,20.60,0.5865,0.8681,382.5919,60.29
999,Day,0,Practice,Unexpected,Red,Right,24.28,20.70,0.5510,0.8681,385.3403,60.28
999,Day,0,Practice,Unexpected,Red,Right,24.38,20.80,0.5218,0.8681,388.0724,60.26
999,Day,0,Practice,Unexpected,Red,Right,24.48,20.91,0.5006,0.8681,390.8453,60.25
999,Day,0,Practice,Unexpected,Red,Right,24.58,21.01,0.4889,0.8681,393.5991,60.23
999,Day,0,Practice,Unexpected,Red,Right,24.68,21.11,0.4866,0.8681,396.3179,60.21
999,Day,0,Practice,Unexpected,Red,Right,24.79,21.22,0.4933,0.8681,399.1664,60.20
999,Day,0,Practice,Unexpected,Red,Right,24.90,21.32,0.4997,0.8681,402.0276,60.17
999,Day,0,Practice,Unexpected,Red,Right,25.01,21.43,0.4986,0.8681,404.9908,60.15
999,Day,0,Practice,Unexpected,Red,Right,25.11,21.54,0.4986,0.8681,407.7874,60.14
999,Day,0,Practice,Unexpected,Red,Right,25.22,21.64,0.4957,0.8681,410.6347,60.12
999,Day,0,Practice,Unexpected,Red,Right,25.32,21.75,0.4868,0.8681,413.4774,60.11
999,Day,0,Practice,Unexpected,Red,Right,25.43,21.85,0.4707,0.8681,416.3578,60.09
999,Day,0,Practice,Unexpected,Red,Right,25.54,21.96,0.4625,0.8681,419.2808,60.05
999,Day,0,Practice,Unexpected,Red,Right,25.64,22.07,0.4649,0.8681,422.1388,60.04
999,Day,0,Practice,Unexpected,Red,Right,25.75,22.17,0.4678,0.8681,424.9028,60.02
999,Day,0,Practice,Unexpected,Red,Right,25.85,22.28,0.4764,0.8681,427.6508,60.01
999,Day,0,Practice,Unexpected,Red,Right,25.95,22.38,0.4937,0.8681,430.3778,59.99
999,Day,0,Practice,Unexpected,Red,Right,26.06,22.49,0.5189,0.8681,433.3045,59.97
999,Day,0,Practice,Unexpected,Red,Right,26.17,22.59,0.5467,0.8681,436.1189,59.96
999,Day,0,Practice,Unexpected,Red,Right,26.27,22.70,0.5823,0.8681,438.9175,59.94
999,Day,0,Practice,Unexpected,Red,Right,26.37,22.80,0.6223,0.8681,441.6462,59.93
999,Day,0,Practice,Unexpected,Red,Right,26.47,22.90,0.6658,0.8681,444.3892,59.91
999,Day,0,Practice,Unexpected,Red,Right,26.58,23.00,0.7113,0.8681,447.1325,59.90
999,Day,0,Practice,Unexpected,Red,Right,26.68,23.11,0.7591,0.8681,449.9310,59.89
999,Day,0,Practice,Unexpected,Red,Right,26.78,23.21,0.8071,0.8681,452.7073,59.87
999,Day,0,Practice,Unexpected,Red,Right,26.89,23.31,0.8556,0.8681,455.4933,59.86
999,Day,0,Practice,Unexpected,Red,Right,26.99,23.42,0.9037,0.8681,458.2602,59.84
999,Day,0,Practice,Unexpected,Red,Right,27.10,23.52,0.9524,0.8681,461.0686,59.83
999,Day,0,Practice,Unexpected,Red,Right,27.21,23.64,1.0041,0.8681,464.0704,59.81
999,Day,0,Practice,Unexpected,Red,Right,27.31,23.74,1.0517,0.8681,466.8475,59.80
999,Day,0,Practice,Unexpected,Red,Right,27.42,23.85,1.1013,0.8681,469.8051,59.78
999,Day,0,Practice,Unexpected,Red,Right,27.53,23.96,1.1345,0.8681,472.6760,59.75
999,Day,0,Practice,Unexpected,Red,Right,27.64,24.06,1.1544,0.8681,475.4723,59.73
999,Day,0,Practice,Unexpected,Red,Right,27.74,24.17,1.1677,0.8681,478.2408,59.72
999,Day,0,Practice,Unexpected,Red,Right,27.85,24.27,1.1712,0.8681,481.1081,59.70
999,Day,0,Practice,Unexpected,Red,Right,27.95,24.38,1.1642,0.8681,483.9705,59.68
999,Day,0,Practice,Unexpected,Red,Right,28.06,24.49,1.1557,0.8681,486.8386,59.66
999,Day,0,Practice,Unexpected,Red,Right,28.17,24.59,1.1384,0.8681,489.6611,59.64
999,Day,0,Practice,Unexpected,Red,Right,28.27,24.70,1.1150,0.8681,492.4726,59.63
999,Day,0,Practice,Unexpected,Red,Right,28.38,24.80,1.0888,0.8681,495.2103,59.62
999,Day,0,Practice,Unexpected,Red,Right,28.48,24.91,1.0600,0.8681,498.0197,59.60
999,Day,0,Practice,Unexpected,Red,Right,28.59,25.01,1.0304,0.8681,500.8185,59.59
999,Day,0,Practice,Unexpected,Red,Right,28.69,25.12,1.0002,0.8681,503.6481,59.57
999,Day,0,Practice,Unexpected,Red,Right,28.80,25.22,0.9705,0.8681,506.4543,59.56
999,Day,0,Practice,Unexpected,Red,Right,28.90,25.33,0.9411,0.8681,509.2779,59.54
999,Day,0,Practice,Unexpected,Red,Right,29.01,25.44,0.9114,0.8681,512.1990,59.53
999,Day,0,Practice,Unexpected,Red,Right,29.12,25.55,0.8832,0.8681,515.0327,59.51
999,Day,0,Practice,Unexpected,Red,Right,29.23,25.65,0.8559,0.8681,517.8539,59.50
999,Day,0,Practice,Unexpected,Red,Right,29.33,25.76,0.8287,0.8681,520.7274,59.49
999,Day,0,Practice,Unexpected,Red,Right,29.44,25.87,0.8021,0.8681,523.6026,59.47
999,Day,0,Practice,Unexpected,Red,Right,29.55,25.98,0.7765,0.8681,526.4330,59.46
999,Day,0,Practice,Unexpected,Red,Right,29.66,26.08,0.7509,0.8681,529.3163,59.44
999,Day,0,Practice,Unexpected,Red,Right,29.77,26.19,0.7258,0.8681,532.1799,59.43
999,Day,0,Practice,Unexpected,Red,Right,29.87,26.30,0.7014,0.8681,535.0196,59.41
999,Day,0,Practice,Unexpected,Red,Right,29.98,26.41,0.6772,0.8681,537.8574,59.40
999,Day,0,Practice,Unexpected,Red,Right,30.09,26.51,0.6527,0.8681,540.7637,59.39
999,Day,0,Practice,Unexpected,Red,Right,30.20,26.63,0.6283,0.8681,543.6918,59.37
999,Day,0,Practice,Unexpected,Red,Right,30.31,26.73,0.6047,0.8681,546.5401,59.36
999,Day,0,Practice,Unexpected,Red,Right,30.41,26.84,0.5815,0.8681,549.3702,59.34
999,Day,0,Practice,Unexpected,Red,Right,30.52,26.95,0.5580,0.8681,552.2327,59.33
999,Day,0,Practice,Unexpected,Red,Right,30.63,27.06,0.5347,0.8681,555.0973,59.31
999,Day,0,Practice,Unexpected,Red,Right,30.74,27.16,0.5113,0.8681,557.9753,59.30
999,Day,0,Practice,Unexpected,Red,Right,30.85,27.27,0.4879,0.8681,560.8684,59.29
999,Day,0,Practice,Unexpected,Red,Right,30.95,27.38,0.4648,0.8681,563.7247,59.27
999,Day,0,Practice,Unexpected,Red,Right,31.06,27.49,0.4425,0.8681,566.4987,59.27
999,Day,0,Practice,Unexpected,Red,Right,31.17,27.59,0.4195,0.8681,569.3580,59.37
999,Day,0,Practice,Unexpected,Red,Right,31.28,27.70,0.3962,0.8681,572.2541,59.43
999,Day,0,Practice,Unexpected,Red,Right,31.39,27.82,0.3722,0.8681,575.2698,59.44
999,Day,0,Practice,Unexpected,Red,Right,31.50,27.93,0.3603,0.8681,578.2426,59.41
999,Day,0,Practice,Unexpected,Red,Right,31.61,28.04,0.3585,0.8681,581.1437,59.40
999,Day,0,Practice,Unexpected,Red,Right,31.72,28.15,0.3618,0.8681,584.1097,59.38
999,Day,0,Practice,Unexpected,Red,Right,31.84,28.26,0.3621,0.8681,587.0913,59.36
999,Day,0,Practice,Unexpected,Red,Right,31.94,28.37,0.3621,0.8681,589.9736,59.34
999,Day,0,Practice,Unexpected,Red,Right,32.05,28.48,0.3666,0.8681,592.8472,59.33
999,Day,0,Practice,Unexpected,Red,Right,32.16,28.59,0.3723,0.8681,595.7514,59.31
999,Day,0,Practice,Unexpected,Red,Right,32.27,28.69,0.3856,0.8681,598.5171,59.29
999,Day,0,Practice,Unexpected,Red,Right,32.37,28.80,0.4066,0.8681,601.3871,59.27
999,Day,0,Practice,Unexpected,Red,Right,32.48,28.91,0.4289,0.8681,604.2820,59.26
999,Day,0,Practice,Unexpected,Red,Right,32.59,29.01,0.4492,0.8681,607.0316,59.24
999,Day,0,Practice,Unexpected,Red,Right,32.69,29.12,0.4623,0.8681,609.7945,59.22
999,Day,0,Practice,Unexpected,Red,Right,32.80,29.22,0.4778,0.8681,612.6250,59.22
999,Day,0,Practice,Unexpected,Red,Right,32.90,29.33,0.4922,0.8681,615.3184,59.33
999,Day,0,Practice,Unexpected,Red,Right,33.00,29.43,0.5046,0.8681,618.0088,59.41
999,Day,0,Practice,Unexpected,Red,Right,33.11,29.54,0.5148,0.8681,621.0211,59.51
999,Day,0,Practice,Unexpected,Red,Right,33.23,29.66,0.5208,0.8681,624.0723,59.74
999,Day,0,Practice,Unexpected,Red,Right,33.33,29.76,0.5223,0.8681,626.8021,59.94
999,Day,0,Practice,Unexpected,Red,Right,33.45,29.87,0.5198,0.8681,629.8645,60.23
999,Day,0,Practice,Unexpected,Red,Right,33.55,29.97,0.5142,0.8681,632.6017,60.46
999,Day,0,Practice,Unexpected,Red,Right,33.65,30.08,0.5051,0.8681,635.5323,60.82
999,Day,0,Practice,Unexpected,Red,Right,33.76,30.18,0.4939,0.8681,638.2892,61.08
999,Day,0,Practice,Unexpected,Red,Right,33.86,30.28,0.4804,0.8681,641.0573,61.39
999,Day,0,Practice,Unexpected,Red,Right,33.97,30.39,0.4636,0.8681,644.0825,61.77
999,Day,0,Practice,Unexpected,Red,Right,34.07,30.50,0.4454,0.8681,647.0216,62.01
999,Day,0,Practice,Unexpected,Red,Right,34.18,30.60,0.4263,0.8681,649.8650,62.30
999,Day,0,Practice,Unexpected,Red,Right,34.29,30.71,0.4038,0.8681,653.0144,62.56
999,Day,0,Practice,Unexpected,Red,Right,34.39,30.82,0.3824,0.8681,655.8722,62.78
999,Day,0,Practice,Unexpected,Red,Right,34.49,30.92,0.3600,0.8681,658.7321,63.10
999,Day,0,Practice,Unexpected,Red,Right,34.60,31.02,0.3364,0.8681,661.6583,63.36
999,Day,0,Practice,Unexpected,Red,Right,34.71,31.14,0.3091,0.8681,664.9571,63.69
999,Day,0,Practice,Unexpected,Red,Right,34.82,31.25,0.2817,0.8681,668.1802,64.02
999,Day,0,Practice,Unexpected,Red,Right,34.93,31.36,0.2607,0.8681,671.2258,64.15
999,Day,0,Practice,Unexpected,Red,Right,35.05,31.47,0.2430,0.8681,674.5741,64.18
999,Day,0,Practice,Unexpected,Red,Right,35.16,31.59,0.2284,0.8681,677.8229,64.17
999,Day,0,Practice,Unexpected,Red,Right,35.26,31.69,0.2192,0.8681,680.7037,64.16
999,Day,0,Practice,Unexpected,Red,Right,35.37,31.80,0.2070,0.8681,683.9013,64.14
999,Day,0,Practice,Unexpected,Red,Right,35.49,31.91,0.1927,0.8681,687.1402,64.12
999,Day,0,Practice,Unexpected,Red,Right,35.60,32.02,0.1802,0.8681,690.3729,64.11
999,Day,0,Practice,Unexpected,Red,Right,35.71,32.14,0.1669,0.8681,693.5894,64.09
999,Day,0,Practice,Unexpected,Red,Right,35.81,32.24,0.1545,0.8681,696.5620,64.07
999,Day,0,Practice,Unexpected,Red,Right,35.92,32.34,0.1499,0.8681,699.5292,64.05
999,Day,0,Practice,Unexpected,Red,Right,36.03,32.46,0.1445,0.8681,702.8180,64.04
999,Day,0,Practice,Unexpected,Red,Right,36.13,32.56,0.1411,0.8681,705.6964,64.02
999,Day,0,Practice,Unexpected,Red,Right,36.23,32.66,0.1406,0.8681,708.5708,64.00
999,Day,0,Practice,Unexpected,Red,Right,36.35,32.77,0.1444,0.8681,711.8210,63.99
999,Day,0,Practice,Unexpected,Red,Right,36.46,32.89,0.1532,0.8681,715.0748,63.97
999,Day,0,Practice,Unexpected,Red,Right,36.58,33.00,0.1672,0.8681,718.3203,63.96
999,Day,0,Practice,Unexpected,Red,Right,36.68,33.10,0.1837,0.8681,721.2065,63.94
999,Day,0,Practice,Unexpected,Red,Right,36.78,33.20,0.2040,0.8681,724.1195,63.93
999,Day,0,Practice,Unexpected,Red,Right,36.88,33.30,0.2272,0.8681,726.9849,63.91
999,Day,0,Practice,Unexpected,Red,Right,36.99,33.42,0.2570,0.8681,730.2476,63.89
999,Day,0,Practice,Unexpected,Red,Right,37.11,33.53,0.2899,0.8681,733.5002,63.88
999,Day,0,Practice,Unexpected,Red,Right,37.21,33.63,0.3213,0.8681,736.3805,63.86
999,Day,0,Practice,Unexpected,Red,Right,37.31,33.73,0.3546,0.8681,739.2552,63.85
999,Day,0,Practice,Unexpected,Red,Right,37.42,33.84,0.3927,0.8681,742.3998,63.83
999,Day,0,Practice,Unexpected,Red,Right,37.52,33.95,0.4310,0.8681,745.4297,63.82
999,Day,0,Practice,Unexpected,Red,Right,37.63,34.06,0.4648,0.8681,748.5398,63.79
999,Day,0,Practice,Unexpected,Red,Right,37.75,34.17,0.4827,0.8681,751.7529,63.77
999,Day,0,Practice,Unexpected,Red,Right,37.85,34.28,0.4942,0.8681,754.7562,63.75
999,Day,0,Practice,Unexpected,Red,Right,37.96,34.39,0.4977,0.8681,757.9081,63.73
999,Day,0,Practice,Unexpected,Red,Right,38.06,34.49,0.5015,0.8681,760.7971,63.71
999,Day,0,Practice,Unexpected,Red,Right,38.17,34.60,0.5017,0.8681,763.9047,63.69
999,Day,0,Practice,Unexpected,Red,Right,38.28,34.70,0.4952,0.8681,766.8778,63.68
999,Day,0,Practice,Unexpected,Red,Right,38.38,34.81,0.4852,0.8681,769.8851,63.66
999,Day,0,Practice,Unexpected,Red,Right,38.49,34.92,0.4733,0.8681,773.0490,63.64
999,Day,0,Practice,Unexpected,Red,Right,38.60,35.03,0.4621,0.8681,776.1032,63.63
999,Day,0,Practice,Unexpected,Red,Right,38.71,35.14,0.4518,0.8681,779.1721,63.61
999,Day,0,Practice,Unexpected,Red,Right,38.82,35.25,0.4430,0.8681,782.3022,63.60
999,Day,0,Practice,Unexpected,Red,Right,38.92,35.35,0.4365,0.8681,785.2702,63.58
999,Day,0,Practice,Unexpected,Red,Right,39.03,35.45,0.4318,0.8681,788.1530,63.57
999,Day,0,Practice,Unexpected,Red,Right,39.14,35.57,0.4285,0.8681,791.4419,63.55
999,Day,0,Practice,Unexpected,Red,Right,39.26,35.68,0.4272,0.8681,794.6810,63.53
999,Day,0,Practice,Unexpected,Red,Right,39.36,35.78,0.4275,0.8681,797.5451,63.52
999,Day,0,Practice,Unexpected,Red,Right,39.46,35.88,0.4291,0.8681,800.3930,63.51
999,Day,0,Practice,Unexpected,Red,Right,39.56,35.98,0.4318,0.8681,803.2828,63.49
999,Day,0,Practice,Unexpected,Red,Right,39.66,36.08,0.4355,0.8681,806.1401,63.48
999,Day,0,Practice,Unexpected,Red,Right,39.76,36.19,0.4402,0.8681,809.1254,63.46
999,Day,0,Practice,Unexpected,Red,Right,39.86,36.29,0.4455,0.8681,811.9916,63.45
999,Day,0,Practice,Unexpected,Red,Right,39.97,36.39,0.4514,0.8681,814.8306,63.43
999,Day,0,Practice,Unexpected,Red,Right,40.07,36.49,0.4578,0.8681,817.6741,63.42
999,Day,0,Practice,Unexpected,Red,Right,40.17,36.59,0.4647,0.8681,820.5236,63.41
999,Day,0,Practice,Unexpected,Red,Right,40.27,36.69,0.4720,0.8681,823.3836,63.39
999,Day,0,Practice,Unexpected,Red,Right,40.37,36.79,0.4797,0.8681,826.2474,63.37
999,Day,0,Practice,Unexpected,Red,Right,40.48,36.91,0.4887,0.8681,829.4742,63.36
999,Day,0,Practice,Unexpected,Red,Right,40.58,37.01,0.4969,0.8681,832.3467,63.35
999,Day,0,Practice,Unexpected,Red,Right,40.69,37.11,0.5054,0.8681,835.2441,63.33
999,Day,0,Practice,Unexpected,Red,Right,40.79,37.21,0.5140,0.8681,838.1378,63.31
999,Day,0,Practice,Unexpected,Red,Right,40.89,37.31,0.5226,0.8681,840.9692,63.30
999,Day,0,Practice,Unexpected,Red,Right,40.99,37.41,0.5314,0.8681,843.8329,63.29
999,Day,0,Practice,Unexpected,Red,Right,41.10,37.53,0.5414,0.8681,847.0378,63.27
999,Day,0,Practice,Unexpected,Red,Right,41.21,37.63,0.5505,0.8681,849.9484,63.26
999,Day,0,Practice,Unexpected,Red,Right,41.31,37.73,0.5594,0.8681,852.7822,63.24
999,Day,0,Practice,Unexpected,Red,Right,41.41,37.84,0.5652,0.8681,855.7740,63.22
999,Day,0,Practice,Unexpected,Red,Right,41.52,37.94,0.5601,0.8681,858.7126,63.20
999,Day,0,Practice,Unexpected,Red,Right,41.62,38.04,0.5525,0.8681,861.5713,63.19
999,Day,0,Practice,Unexpected,Red,Right,41.72,38.14,0.5400,0.8681,864.4584,63.17
999,Day,0,Practice,Unexpected,Red,Right,41.82,38.25,0.5313,0.8681,867.4554,63.14
999,Day,0,Practice,Unexpected,Red,Right,41.92,38.35,0.5273,0.8681,870.2815,63.13
999,Day,0,Practice,Unexpected,Red,Right,42.03,38.45,0.5210,0.8681,873.1262,63.11
999,Day,0,Practice,Unexpected,Red,Right,42.13,38.55,0.5157,0.8681,876.0010,63.10
999,Day,0,Practice,Unexpected,Red,Right,42.23,38.65,0.5137,0.8681,878.8464,63.09
999,Day,0,Practice,Unexpected,Red,Right,42.34,38.77,0.5168,0.8681,882.0538,63.07
999,Day,0,Practice,Unexpected,Red,Right,42.44,38.87,0.5250,0.8681,884.9195,63.05
999,Day,0,Practice,Unexpected,Red,Right,42.54,38.97,0.5382,0.8681,887.7380,63.04
999,Day,0,Practice,Unexpected,Red,Right,42.65,39.08,0.5536,0.8681,890.7843,63.01
999,Day,0,Practice,Unexpected,Red,Right,42.75,39.18,0.5610,0.8681,893.6676,63.00
999,Day,0,Practice,Unexpected,Red,Right,42.85,39.28,0.5695,0.8681,896.4958,62.98
999,Day,0,Practice,Unexpected,Red,Right,42.96,39.38,0.5766,0.8681,899.3669,62.97
999,Day,0,Practice,Unexpected,Red,Right,43.06,39.48,0.5800,0.8681,902.2288,62.95
999,Day,0,Practice,Unexpected,Red,Right,43.17,39.60,0.5783,0.8681,905.3531,62.94
999,Day,0,Practice,Unexpected,Red,Right,43.28,39.70,0.5826,0.8681,908.3262,62.91
999,Day,0,Practice,Unexpected,Red,Right,43.38,39.80,0.5929,0.8681,911.1639,62.89
999,Day,0,Practice,Unexpected,Red,Right,43.48,39.91,0.6036,0.8681,914.1143,62.88
999,Day,0,Practice,Unexpected,Red,Right,43.59,40.01,0.6154,0.8681,917.0870,62.86
999,Day,0,Practice,Unexpected,Red,Right,43.69,40.12,0.6200,0.8681,920.0795,62.84
999,Day,0,Practice,Unexpected,Red,Right,43.80,40.22,0.6276,0.8681,922.9599,62.82
999,Day,0,Practice,Unexpected,Red,Right,43.90,40.32,0.6369,0.8681,925.7715,62.81
999,Day,0,Practice,Unexpected,Red,Right,44.00,40.42,0.6464,0.8681,928.6337,62.80
999,Day,0,Practice,Unexpected,Red,Right,44.10,40.53,0.6550,0.8681,931.6232,62.78
999,Day,0,Practice,Unexpected,Red,Right,44.22,40.64,0.6617,0.8681,934.8079,62.76
999,Day,0,Practice,Unexpected,Red,Right,44.32,40.75,0.6672,0.8681,937.7944,62.74
999,Day,0,Practice,Unexpected,Red,Right,44.43,40.85,0.6861,0.8681,940.6915,62.72
999,Day,0,Practice,Unexpected,Red,Right,44.53,40.95,0.7099,0.8681,943.5276,62.70
999,Day,0,Practice,Unexpected,Red,Right,44.63,41.06,0.7377,0.8681,946.3644,62.69
999,Day,0,Practice,Unexpected,Red,Right,44.73,41.16,0.7706,0.8681,949.1957,62.67
999,Day,0,Practice,Unexpected,Red,Right,44.84,41.26,0.7970,0.8681,952.1641,62.64
999,Day,0,Practice,Unexpected,Red,Right,44.94,41.36,0.8225,0.8681,954.9653,62.62
999,Day,0,Practice,Unexpected,Red,Right,45.04,41.46,0.8505,0.8681,957.7762,62.61
999,Day,0,Practice,Unexpected,Red,Right,45.14,41.57,0.8777,0.8681,960.6138,62.60
999,Day,0,Practice,Unexpected,Red,Right,45.25,41.68,0.9044,0.8681,963.8369,62.58
999,Day,0,Practice,Unexpected,Red,Right,45.36,41.78,0.9228,0.8681,966.6682,62.56
999,Day,0,Practice,Unexpected,Red,Right,45.47,41.89,0.9370,0.8681,969.8098,62.55
999,Day,0,Practice,Unexpected,Red,Right,45.58,42.00,0.9443,0.8681,972.8445,62.53
999,Day,0,Practice,Unexpected,Red,Right,45.68,42.10,0.9458,0.8681,975.6658,62.52
999,Day,0,Practice,Unexpected,Red,Right,45.78,42.20,0.9426,0.8681,978.4648,62.50
999,Day,0,Practice,Unexpected,Red,Right,45.88,42.30,0.9352,0.8681,981.2747,62.49
999,Day,0,Practice,Unexpected,Red,Right,45.99,42.42,0.9221,0.8681,984.4717,62.47
999,Day,0,Practice,Unexpected,Red,Right,46.11,42.53,0.9048,0.8681,987.6628,62.45
999,Day,0,Practice,Unexpected,Red,Right,46.21,42.63,0.8865,0.8681,990.4736,62.44
999,Day,0,Practice,Unexpected,Red,Right,46.32,42.75,0.8630,0.8681,993.6491,62.42
999,Day,0,Practice,Unexpected,Red,Right,46.42,42.85,0.8398,0.8681,996.4875,62.41
999,Day,0,Practice,Unexpected,Red,Right,46.52,42.95,0.8153,0.8681,999.2820,62.39
999,Day,0,Practice,Unexpected,Red,Right,46.64,43.06,0.7857,0.8681,1002.4500,62.38
999,Day,0,Practice,Unexpected,Red,Right,46.74,43.16,0.7583,0.8681,1005.2510,62.36
999,Day,0,Practice,Unexpected,Red,Right,46.85,43.28,0.7262,0.8681,1008.4090,62.35
999,Day,0,Practice,Unexpected,Red,Right,46.95,43.38,0.6965,0.8681,1011.2380,62.33
999,Day,0,Practice,Unexpected,Red,Right,47.07,43.49,0.6626,0.8681,1014.3950,62.32
999,Day,0,Practice,Unexpected,Red,Right,47.18,43.61,0.6276,0.8681,1017.5850,62.30
999,Day,0,Practice,Unexpected,Red,Right,47.28,43.71,0.5965,0.8681,1020.3710,62.29
999,Day,0,Practice,Unexpected,Red,Right,47.38,43.81,0.5650,0.8681,1023.1700,62.28
999,Day,0,Practice,Unexpected,Red,Right,47.48,43.91,0.5329,0.8681,1025.9870,62.26
999,Day,0,Practice,Unexpected,Red,Right,47.58,44.01,0.5008,0.8681,1028.7800,62.25
999,Day,0,Practice,Unexpected,Red,Right,47.69,44.12,0.4662,0.8681,1031.7710,62.24
999,Day,0,Practice,Unexpected,Red,Right,47.79,44.22,0.4326,0.8681,1034.6620,62.31
999,Day,0,Practice,Unexpected,Red,Right,47.89,44.32,0.4000,0.8681,1037.4580,62.35
999,Day,0,Practice,Unexpected,Red,Right,47.99,44.42,0.3672,0.8681,1040.2510,62.35
999,Day,0,Practice,Unexpected,Red,Right,48.10,44.53,0.3367,0.8681,1043.2080,62.32
999,Day,0,Practice,Unexpected,Red,Right,48.21,44.63,0.3176,0.8681,1046.2040,62.31
999,Day,0,Practice,Unexpected,Red,Right,48.31,44.73,0.3026,0.8681,1048.9960,62.29
999,Day,0,Practice,Unexpected,Red,Right,48.41,44.83,0.2927,0.8681,1051.7810,62.28
999,Day,0,Practice,Unexpected,Red,Right,48.52,44.94,0.2892,0.8681,1054.8380,62.26
999,Day,0,Practice,Unexpected,Red,Right,48.63,45.06,0.2876,0.8681,1057.9400,62.24
999,Day,0,Practice,Unexpected,Red,Right,48.73,45.16,0.2837,0.8681,1060.8630,62.22
999,Day,0,Practice,Unexpected,Red,Right,48.84,45.26,0.2834,0.8681,1063.6830,62.21
999,Day,0,Practice,Unexpected,Red,Right,48.94,45.37,0.2857,0.8681,1066.6590,62.19
999,Day,0,Practice,Unexpected,Red,Right,49.05,45.47,0.2960,0.8681,1069.5950,62.17
999,Day,0,Practice,Unexpected,Red,Right,49.15,45.58,0.3055,0.8681,1072.3960,62.16
999,Day,0,Practice,Unexpected,Red,Right,49.25,45.68,0.3156,0.8681,1075.2420,62.14
999,Day,0,Practice,Unexpected,Red,Right,49.37,45.79,0.3287,0.8681,1078.4110,62.13
999,Day,0,Practice,Unexpected,Red,Right,49.47,45.90,0.3432,0.8681,1081.3580,62.11
999,Day,0,Practice,Unexpected,Red,Right,49.57,46.00,0.3592,0.8681,1084.1350,62.10
999,Day,0,Practice,Unexpected,Red,Right,49.67,46.10,0.3775,0.8681,1086.9270,62.08
999,Day,0,Practice,Unexpected,Red,Right,49.77,46.20,0.3980,0.8681,1089.7030,62.07
999,Day,0,Practice,Unexpected,Red,Right,49.87,46.30,0.4206,0.8681,1092.4900,62.06
999,Day,0,Practice,Unexpected,Red,Right,49.97,46.40,0.4451,0.8681,1095.2770,62.04
999,Day,0,Practice,Unexpected,Red,Right,50.08,46.51,0.4730,0.8681,1098.2370,62.03
999,Day,0,Practice,Unexpected,Red,Right,50.18,46.61,0.5010,0.8681,1101.0400,62.01
999,Day,0,Practice,Unexpected,Red,Right,50.28,46.71,0.5302,0.8681,1103.8390,62.00
999,Day,0,Practice,Unexpected,Red,Right,50.38,46.81,0.5607,0.8681,1106.6420,61.99
999,Day,0,Practice,Unexpected,Red,Right,50.48,46.91,0.5923,0.8681,1109.4580,61.97
999,Day,0,Practice,Unexpected,Red,Right,50.59,47.01,0.6247,0.8681,1112.2660,61.96
999,Day,0,Practice,Unexpected,Red,Right,50.70,47.13,0.6620,0.8681,1115.4260,61.94
999,Day,0,Practice,Unexpected,Red,Right,50.81,47.23,0.6945,0.8681,1118.4030,61.92
999,Day,0,Practice,Unexpected,Red,Right,50.91,47.34,0.7078,0.8681,1121.3350,61.89
999,Day,0,Practice,Unexpected,Red,Right,51.02,47.44,0.7138,0.8681,1124.1320,61.87
999,Day,0,Practice,Unexpected,Red,Right,51.13,47.55,0.7118,0.8681,1127.2390,61.85
999,Day,0,Practice,Unexpected,Red,Right,51.23,47.66,0.7022,0.8681,1130.1180,61.84
999,Day,0,Practice,Unexpected,Red,Right,51.33,47.76,0.6900,0.8681,1132.9610,61.82
999,Day,0,Practice,Unexpected,Red,Right,51.45,47.87,0.6659,0.8681,1136.0730,61.80
999,Day,0,Practice,Unexpected,Red,Right,51.56,47.99,0.6331,0.8681,1139.2340,61.78
999,Day,0,Practice,Unexpected,Red,Right,51.68,48.10,0.5948,0.8681,1142.3870,61.76
999,Day,0,Practice,Unexpected,Red,Right,51.78,48.20,0.5581,0.8681,1145.1620,61.75
999,Day,0,Practice,Unexpected,Red,Right,51.88,48.31,0.5177,0.8681,1148.0600,61.74
999,Day,0,Practice,Unexpected,Red,Right,51.98,48.41,0.4776,0.8681,1150.8460,61.72
999,Day,0,Practice,Unexpected,Red,Right,52.08,48.51,0.4369,0.8681,1153.6090,61.71
999,Day,0,Practice,Unexpected,Red,Right,52.20,48.62,0.3902,0.8681,1156.7480,61.69
999,Day,0,Practice,Unexpected,Red,Right,52.30,48.72,0.3485,0.8681,1159.5300,61.68
999,Day,0,Practice,Unexpected,Red,Right,52.40,48.83,0.3061,0.8681,1162.3490,61.66
999,Day,0,Practice,Unexpected,Red,Right,52.51,48.93,0.2624,0.8681,1165.2630,61.65
999,Day,0,Practice,Unexpected,Red,Right,52.62,49.04,0.2155,0.8681,1168.3850,61.63
999,Day,0,Practice,Unexpected,Red,Right,52.72,49.14,0.1743,0.8681,1171.1440,61.62
999,Day,0,Practice,Unexpected,Red,Right,52.82,49.24,0.1332,0.8681,1173.9010,61.60
999,Day,0,Practice,Unexpected,Red,Right,52.93,49.35,0.0891,0.8681,1176.8620,61.59
999,Day,0,Practice,Unexpected,Red,Right,53.03,49.45,0.0478,0.8681,1179.6490,61.58
999,Day,0,Practice,Unexpected,Red,Right,53.13,49.55,0.0070,0.8681,1182.4090,61.56
999,Day,0,Practice,Unexpected,Red,Right,53.23,49.66,-0.0349,0.8681,1185.2580,61.55
999,Day,0,Practice,Unexpected,Red,Right,53.33,49.76,-0.0763,0.8681,1188.0730,61.53
999,Day,0,Practice,Unexpected,Red,Right,53.44,49.86,-0.1186,0.8681,1190.9530,61.52
999,Day,0,Practice,Unexpected,Red,Right,53.54,49.97,-0.1612,0.8681,1193.8660,61.51
999,Day,0,Practice,Unexpected,Red,Right,53.65,50.08,-0.2032,0.8681,1196.8310,61.49
999,Day,0,Practice,Unexpected,Red,Right,53.76,50.19,-0.2324,0.8681,1199.7860,61.46
999,Day,0,Practice,Unexpected,Red,Right,53.86,50.29,-0.2564,0.8681,1202.6020,61.45
999,Day,0,Practice,Unexpected,Red,Right,53.96,50.39,-0.2757,0.8681,1205.3810,61.44
999,Day,0,Practice,Unexpected,Red,Right,54.08,50.51,-0.2983,0.8681,1208.5600,61.41
999,Day,0,Practice,Unexpected,Red,Right,54.18,50.61,-0.3208,0.8681,1211.4040,61.40
999,Day,0,Practice,Unexpected,Red,Right,54.28,50.71,-0.3391,0.8681,1214.1790,61.38
999,Day,0,Practice,Unexpected,Red,Right,54.39,50.81,-0.3570,0.8681,1217.0270,61.37
999,Day,0,Practice,Unexpected,Red,Right,54.50,50.92,-0.3704,0.8681,1219.9900,61.34
999,Day,0,Practice,Unexpected,Red,Right,54.60,51.03,-0.3700,0.8681,1222.8750,61.32
999,Day,0,Practice,Unexpected,Red,Right,54.70,51.13,-0.3676,0.8681,1225.6860,61.30
999,Day,0,Practice,Unexpected,Red,Right,54.81,51.24,-0.3602,0.8681,1228.6410,61.29
999,Day,0,Practice,Unexpected,Red,Right,54.92,51.35,-0.3446,0.8681,1231.7230,61.27
999,Day,0,Practice,Unexpected,Red,Right,55.04,51.46,-0.3200,0.8681,1234.7910,61.25
999,Day,0,Practice,Unexpected,Red,Right,55.14,51.57,-0.2875,0.8681,1237.7560,61.24
999,Day,0,Practice,Unexpected,Red,Right,55.26,51.68,-0.2463,0.8681,1240.8700,61.22
999,Day,0,Practice,Unexpected,Red,Right,55.37,51.80,-0.2129,0.8681,1243.9680,61.19
999,Day,0,Practice,Unexpected,Red,Right,55.48,51.91,-0.1786,0.8681,1247.0090,61.18
999,Day,0,Practice,Unexpected,Red,Right,55.59,52.01,-0.1470,0.8681,1249.8650,61.16
999,Day,0,Practice,Unexpected,Red,Right,55.69,52.12,-0.1121,0.8681,1252.8220,61.14
999,Day,0,Practice,Unexpected,Red,Right,55.80,52.23,-0.0742,0.8681,1255.6730,61.13
999,Day,0,Practice,Unexpected,Red,Right,55.90,52.33,-0.0396,0.8681,1258.4740,61.11
999,Day,0,Practice,Unexpected,Red,Right,56.01,52.43,-0.0050,0.8681,1261.3220,61.10
999,Day,0,Practice,Unexpected,Red,Right,56.11,52.53,0.0300,0.8681,1264.1300,61.08
999,Day,0,Practice,Unexpected,Red,Right,56.21,52.64,0.0669,0.8681,1266.9550,61.07
999,Day,0,Practice,Unexpected,Red,Right,56.32,52.75,0.1078,0.8681,1269.9160,61.05
999,Day,0,Practice,Unexpected,Red,Right,56.43,52.86,0.1531,0.8681,1272.9980,61.04
999,Day,0,Practice,Unexpected,Red,Right,56.54,52.97,0.1995,0.8681,1275.9750,61.02
999,Day,0,Practice,Unexpected,Red,Right,56.65,53.08,0.2492,0.8681,1278.9990,61.01
999,Day,0,Practice,Unexpected,Red,Right,56.76,53.19,0.3010,0.8681,1282.0200,60.99
999,Day,0,Practice,Unexpected,Red,Right,56.87,53.30,0.3536,0.8681,1284.9710,60.98
999,Day,0,Practice,Unexpected,Red,Right,56.98,53.40,0.4055,0.8681,1287.7900,60.96
999,Day,0,Practice,Unexpected,Red,Right,57.08,53.51,0.4599,0.8681,1290.6710,60.95
999,Day,0,Practice,Unexpected,Red,Right,57.19,53.62,0.5167,0.8681,1293.6130,60.94
999,Day,0,Practice,Unexpected,Red,Right,57.30,53.72,0.5739,0.8681,1296.5220,60.92
999,Day,0,Practice,Unexpected,Red,Right,57.41,53.84,0.6379,0.8681,1299.7180,60.91
999,Day,0,Practice,Unexpected,Red,Right,57.52,53.95,0.6969,0.8681,1302.6330,60.89
999,Day,0,Practice,Unexpected,Red,Right,57.63,54.06,0.7589,0.8681,1305.6550,60.88
999,Day,0,Practice,Unexpected,Red,Right,57.74,54.16,0.8185,0.8681,1308.5400,60.86
999,Day,0,Practice,Unexpected,Red,Right,57.84,54.27,0.8757,0.8681,1311.2880,60.85
999,Day,0,Practice,Unexpected,Red,Right,57.95,54.38,0.9405,0.8681,1314.3850,60.83
999,Day,0,Practice,Unexpected,Red,Right,58.06,54.48,1.0000,0.8681,1317.2140,60.82
999,Day,0,Practice,Unexpected,Red,Right,58.16,54.58,1.0583,0.8681,1319.9750,60.80
999,Day,0,Practice,Unexpected,Red,Right,58.27,54.69,1.1199,0.8681,1322.8830,60.79
999,Day,0,Practice,Unexpected,Red,Right,58.38,54.80,1.1832,0.8681,1325.8670,60.77
999,Day,0,Practice,Unexpected,Red,Right,58.48,54.90,1.2419,0.8681,1328.6280,60.76
999,Day,0,Practice,Unexpected,Red,Right,58.61,55.04,1.3192,0.8681,1332.2510,60.74
999,Day,0,Practice,Unexpected,Red,Right,58.72,55.14,1.3795,0.8681,1335.0790,60.73
999,Day,0,Practice,Unexpected,Red,Right,58.82,55.25,1.4406,0.8681,1337.9350,60.71
999,Day,0,Practice,Unexpected,Red,Right,58.92,55.35,1.4995,0.8694,1340.6900,60.70
999,Day,0,Practice,Unexpected,Red,Right,59.02,55.45,1.5580,0.8706,1343.4230,60.68
999,Day,0,Practice,Unexpected,Red,Right,59.13,55.55,1.6176,0.8705,1346.2060,60.67
999,Day,0,Practice,Unexpected,Red,Right,59.23,55.65,1.6771,0.8700,1348.9820,60.66
999,Day,0,Practice,Unexpected,Red,Right,59.34,55.76,1.7396,0.8697,1351.9000,60.64
999,Day,0,Practice,Unexpected,Red,Right,59.44,55.86,1.7977,0.8683,1354.6100,60.63
999,Day,0,Practice,Unexpected,Red,Right,59.54,55.97,1.8594,0.8677,1357.4860,60.61
999,Day,0,Practice,Unexpected,Red,Right,59.65,56.08,1.9253,0.8677,1360.5580,60.60
999,Day,0,Practice,Unexpected,Red,Right,59.76,56.18,1.9854,0.8679,1363.3590,60.58
999,Day,0,Practice,Unexpected,Red,Right,59.86,56.29,2.0460,0.8681,1366.1810,60.57
999,Day,0,Practice,Unexpected,Red,Right,59.96,56.39,2.1042,0.8682,1368.8940,60.56
999,Day,0,Practice,Unexpected,Red,Right,60.07,56.50,2.1692,0.8682,1371.9210,60.54
999,Day,0,Practice,Unexpected,Red,Right,60.19,56.61,2.2339,0.8682,1374.9350,60.53
999,Day,0,Practice,Unexpected,Red,Right,60.30,56.72,2.2975,0.8681,1377.8950,60.51
999,Day,0,Practice,Unexpected,Red,Right,60.40,56.83,2.3609,0.8681,1380.8510,60.50
999,Day,0,Practice,Unexpected,Red,Right,60.52,56.94,2.4259,0.8681,1383.8750,60.48
999,Day,0,Practice,Unexpected,Red,Right,60.62,57.04,2.4849,0.8681,1386.6240,60.47
999,Day,0,Practice,Unexpected,Red,Right,60.73,57.16,2.5492,0.8681,1389.6180,60.45
999,Day,0,Practice,Unexpected,Red,Right,60.84,57.27,2.6145,0.8681,1392.6590,60.44
999,Day,0,Practice,Unexpected,Red,Right,60.95,57.38,2.6771,0.8681,1395.5760,60.42
999,Day,0,Practice,Unexpected,Red,Right,61.06,57.49,2.7406,0.8681,1398.5340,60.41
999,Day,0,Practice,Unexpected,Red,Right,61.17,57.60,2.8069,0.8681,1401.6170,60.39
999,Day,0,Practice,Unexpected,Red,Right,61.29,57.72,2.8750,0.8681,1404.7900,60.38
999,Day,0,Practice,Unexpected,Red,Right,61.40,57.82,2.9363,0.8681,1407.6470,60.36
999,Day,0,Practice,Unexpected,Red,Right,61.50,57.93,2.9969,0.8681,1410.4670,60.35
999,Day,0,Practice,Unexpected,Red,Right,61.62,58.04,3.0636,0.8681,1413.5710,60.33
999,Day,0,Practice,Unexpected,Red,Right,61.73,58.16,3.1298,0.8681,1416.6520,60.32
999,Day,0,Practice,Unexpected,Red,Right,61.83,58.26,3.1890,0.8681,1419.4090,60.30
999,Day,0,Practice,Unexpected,Red,Right,61.94,58.36,3.2494,0.8681,1422.2200,60.29
999,Day,0,Practice,Unexpected,Red,Right,62.06,58.48,3.3181,0.8681,1425.4200,60.27
999,Day,0,Practice,Unexpected,Red,Right,62.18,58.61,3.3900,0.8681,1428.7670,60.26
999,Day,0,Practice,Unexpected,Red,Right,62.30,58.72,3.4562,0.8681,1431.8500,60.24
999,Day,0,Practice,Unexpected,Red,Right,62.42,58.84,3.5257,0.8681,1435.0850,60.22
999,Day,0,Practice,Unexpected,Red,Right,62.54,58.96,3.5952,0.8681,1438.3190,60.21
999,Day,0,Practice,Unexpected,Red,Right,62.65,59.08,3.6643,0.8681,1441.5350,60.19
999,Day,0,Practice,Unexpected,Red,Right,62.77,59.20,3.7312,0.8681,1444.6520,60.17
999,Day,0,Practice,Unexpected,Red,Right,62.88,59.30,3.7936,0.8689,1447.5560,60.16
999,Day,0,Practice,Unexpected,Red,Right,63.00,59.42,3.8610,0.8704,1450.6920,60.15
999,Day,0,Practice,Unexpected,Red,Right,63.12,59.54,3.9320,0.8707,1453.9970,60.13
999,Day,0,Practice,Unexpected,Red,Right,63.23,59.66,3.9962,0.8699,1456.9820,60.11
999,Day,0,Practice,Unexpected,Red,Right,63.35,59.77,4.0634,0.8695,1460.1100,60.10
999,Day,0,Practice,Unexpected,Red,Right,63.46,59.89,4.1306,0.8681,1463.2400,60.08
999,Day,0,Practice,Unexpected,Red,Right,63.58,60.00,4.1956,0.8676,1466.2670,60.07
999,Day,0,Practice,Unexpected,Red,Right,63.69,60.12,4.2618,0.8678,1469.3480,60.05
999,Day,0,Practice,Unexpected,Red,Right,63.80,60.22,4.3236,0.8680,1472.2220,60.04
999,Day,0,Practice,Unexpected,Red,Right,63.90,60.33,4.3853,0.8682,1475.0940,60.02
999,Day,0,Practice,Unexpected,Red,Right,64.01,60.44,4.4490,0.8682,1478.0590,60.01
999,Day,0,Practice,Unexpected,Red,Right,64.13,60.55,4.5126,0.8682,1481.0200,59.99
999,Day,0,Practice,Unexpected,Red,Right,64.24,60.67,4.5807,0.8682,1484.1870,59.98
999,Day,0,Practice,Unexpected,Red,Right,64.35,60.77,4.6402,0.8681,1486.9550,59.96
999,Day,0,Practice,Unexpected,Red,Right,64.45,60.87,4.6985,0.8681,1489.6700,59.95
999,Day,0,Practice,Unexpected,Red,Right,64.56,60.99,4.7643,0.8681,1492.7290,59.93
999,Day,0,Practice,Unexpected,Red,Right,64.66,61.09,4.8220,0.8681,1495.4140,59.92
999,Day,0,Practice,Unexpected,Red,Right,64.76,61.19,4.8801,0.8681,1498.1150,59.91
999,Day,0,Practice,Unexpected,Red,Right,64.87,61.30,4.9430,0.8681,1501.0450,59.89
999,Day,0,Practice,Unexpected,Red,Right,64.98,61.41,5.0048,0.8681,1503.9180,59.88
999,Day,0,Practice,Unexpected,Red,Right,65.09,61.51,5.0674,0.8681,1506.8310,59.86
999,Day,0,Practice,Unexpected,Red,Right,65.20,61.63,5.1330,0.8681,1509.8820,59.85
999,Day,0,Practice,Unexpected,Red,Right,65.31,61.74,5.1970,0.8681,1512.8590,59.83
999,Day,0,Practice,Unexpected,Red,Right,65.42,61.84,5.2554,0.8681,1515.5760,59.82
999,Day,0,Practice,Unexpected,Red,Right,65.53,61.96,5.3210,0.8681,1518.6260,59.91
999,Day,0,Practice,Unexpected,Red,Right,65.63,62.06,5.3811,0.8681,1521.4230,60.08
999,Day,0,Practice,Unexpected,Red,Right,65.75,62.18,5.4477,0.8681,1524.5220,60.26
999,Day,0,Practice,Unexpected,Red,Right,65.86,62.29,5.5126,0.8681,1527.5390,60.54
999,Day,0,Practice,Unexpected,Red,Right,65.97,62.40,5.5768,0.8681,1530.5260,60.65
999,Day,0,Practice,Unexpected,Red,Right,66.08,62.51,5.6418,0.8681,1533.5480,60.67
999,Day,0,Practice,Unexpected,Red,Right,66.20,62.62,5.7029,0.8681,1536.6830,60.64
999,Day,0,Practice,Unexpected,Red,Right,66.31,62.74,5.7286,0.8681,1539.6860,60.58
999,Day,0,Practice,Unexpected,Red,Right,66.42,62.85,5.7332,0.8681,1542.7480,60.56
999,Day,0,Practice,Unexpected,Red,Right,66.53,62.96,5.7202,0.8681,1545.7300,60.54
999,Day,0,Practice,Unexpected,Red,Right,66.65,63.07,5.6820,0.8681,1548.7790,60.51
999,Day,0,Practice,Unexpected,Red,Right,66.75,63.18,5.6186,0.8681,1551.7420,60.48
999,Day,0,Practice,Unexpected,Red,Right,66.87,63.29,5.5279,0.8681,1554.7660,60.45
999,Day,0,Practice,Unexpected,Red,Right,66.98,63.40,5.4058,0.8681,1557.7910,60.39
999,Day,0,Practice,Unexpected,Red,Right,67.09,63.52,5.2176,0.8681,1560.9090,60.26
999,Day,0,Practice,Unexpected,Red,Right,67.20,63.63,4.9969,0.8681,1563.7580,60.20
999,Day,0,Practice,Unexpected,Red,Right,67.31,63.74,4.7353,0.8681,1566.6640,60.16
999,Day,0,Practice,Unexpected,Red,Right,67.42,63.85,4.4262,0.8681,1569.6190,60.09
999,Day,0,Practice,Unexpected,Red,Right,67.53,63.96,4.0737,0.8689,1572.5740,60.05
999,Day,0,Practice,Unexpected,Red,Right,67.64,64.07,3.7022,0.8688,1575.5240,60.00
999,Day,0,Practice,Unexpected,Red,Right,67.75,64.18,3.3326,0.8693,1578.4640,59.98
999,Day,0,Practice,Unexpected,Red,Right,67.86,64.28,2.9648,0.8684,1581.3120,59.96
999,Day,0,Practice,Unexpected,Red,Right,67.96,64.39,2.6014,0.8680,1584.1070,59.95
999,Day,0,Practice,Unexpected,Red,Right,68.08,64.50,2.2195,0.8679,1587.0970,59.93
999,Day,0,Practice,Unexpected,Red,Right,68.19,64.62,1.8481,0.8680,1590.1070,59.91
999,Day,0,Practice,Unexpected,Red,Right,68.30,64.72,1.5080,0.8694,1592.9920,59.88
999,Day,0,Practice,Unexpected,Red,Right,68.41,64.83,1.2080,0.8699,1595.8570,59.79
999,Day,0,Practice,Unexpected,Red,Right,68.51,64.93,0.9625,0.8686,1598.5870,59.75
999,Day,0,Practice,Unexpected,Red,Right,68.61,65.04,0.7467,0.8679,1601.3580,59.68
999,Day,0,Practice,Unexpected,Red,Right,68.72,65.15,0.5795,0.8678,1604.3390,59.56
999,Day,0,Practice,Unexpected,Red,Right,68.83,65.25,0.4745,0.8679,1607.0400,59.50
999,Day,0,Practice,Unexpected,Red,Right,68.93,65.35,0.4088,0.8681,1609.7020,59.45
999,Day,0,Practice,Unexpected,Red,Right,69.03,65.45,0.3631,0.8682,1612.4220,59.41
999,Day,0,Practice,Unexpected,Red,Right,69.14,65.57,0.3449,0.8682,1615.5000,59.36
999,Day,0,Practice,Unexpected,Red,Right,69.26,65.68,0.3593,0.8682,1618.4710,59.33
999,Day,0,Practice,Unexpected,Red,Right,69.36,65.78,0.3898,0.8682,1621.1670,59.31
999,Day,0,Practice,Unexpected,Red,Right,69.47,65.90,0.4358,0.8681,1624.1450,59.29
999,Day,0,Practice,Unexpected,Red,Right,69.59,66.01,0.4919,0.8681,1627.2130,59.28
999,Day,0,Practice,Unexpected,Red,Right,69.69,66.12,0.5476,0.8681,1630.0000,59.22
999,Day,0,Practice,Unexpected,Red,Right,69.81,66.23,0.6105,0.8681,1633.0030,58.96
999,Day,0,Practice,Unexpected,Red,Right,69.92,66.35,0.6762,0.8681,1636.0520,58.43
999,Day,0,Practice,Unexpected,Red,Right,70.02,66.45,0.7339,0.8681,1638.6970,57.79
999,Day,0,Practice,Unexpected,Red,Right,70.13,66.55,0.7887,0.8681,1641.3720,57.09
999,Day,0,Practice,Unexpected,Red,Right,70.24,66.67,0.8137,0.8681,1644.3250,56.19
999,Day,0,Practice,Unexpected,Red,Right,70.35,66.77,0.7965,0.8681,1646.8440,55.46
999,Day,0,Practice,Unexpected,Red,Right,70.46,66.88,0.7834,0.8682,1649.4250,39.66
999,Day,0,Practice,Unexpected,Red,Right,70.56,66.99,0.8353,0.8682,1651.2530,38.18
999,Day,0,Practice,Unexpected,Red,Right,70.67,67.09,0.8296,0.8682,1652.9480,37.02
999,Day,0,Practice,Unexpected,Red,Right,70.77,67.19,0.7826,0.8681,1654.5820,35.98
999,Day,0,Practice,Unexpected,Red,Right,70.87,67.30,0.7092,0.8681,1656.2210,34.84
999,Day,0,Practice,Unexpected,Red,Right,70.97,67.40,0.6206,0.8681,1657.8090,34.15
999,Day,0,Practice,Unexpected,Red,Right,71.08,67.50,0.5210,0.8681,1659.3950,33.45
999,Day,0,Practice,Unexpected,Red,Right,71.19,67.62,0.4121,0.8681,1661.0370,32.73
999,Day,0,Practice,Unexpected,Red,Right,71.30,67.72,0.3044,0.8681,1662.6240,32.32
999,Day,0,Practice,Unexpected,Red,Right,71.41,67.84,0.1909,0.8681,1664.2810,32.10
999,Day,0,Practice,Unexpected,Red,Right,71.53,67.96,0.0741,0.8681,1665.9850,32.07
