Time,Position_X,Position_Y,Position_Z
0.3533334,1.259032E-07,1.188995,-0.002499569
0.4597069,-3.81202E-07,0.7927094,-0.00225525
0.5625882,0.005025513,0.8723362,-0.01302053
0.6693484,0.006996745,0.871882,-0.01274708
0.7721133,0.004593518,0.8628771,-0.006803971
0.8768016,0.002664442,0.8608422,-0.002159454
0.9804361,0.001214047,0.8627005,0.0005666353
1.086084,0.0007272854,0.8649377,0.0007561594
1.192207,0.0007726641,0.8666181,-0.0001637191
1.296655,0.001173276,0.867547,-0.001434166
1.400117,0.001866421,0.8679295,-0.002692591
1.502267,0.002444393,0.8679186,-0.003263112
1.609765,0.002880591,0.8677915,-0.003415808
1.711396,0.003149256,0.8676409,-0.00328948
1.819065,0.003252533,0.8675097,-0.003044389
1.925782,0.003202749,0.8673994,-0.002764631
2.032214,0.003072175,0.8673505,-0.002616554
2.13853,0.002911852,0.8673357,-0.002556726
2.239135,0.002760517,0.867345,-0.002563715
2.346067,0.002625342,0.8673717,-0.002616141
2.448611,0.002563037,0.8673943,-0.002664864
2.558827,0.002544318,0.8674114,-0.00270107
2.661962,0.002564357,0.8674298,-0.002263147
2.764544,0.002569988,0.8676967,0.006237037
2.866185,0.002604714,0.8685405,0.03268236
2.976619,0.002619884,0.8703139,0.08362934
3.07693,0.002721588,0.8698332,0.1612696
3.179026,0.002680971,0.8698604,0.268152
3.283925,0.002639356,0.8697964,0.4369213
3.400102,0.002368163,0.8700801,0.6483802
3.511993,0.002821446,0.8699014,0.8576361
3.620212,0.002687523,0.8700809,1.14844
3.726838,0.002267429,0.8703041,1.423595
3.842388,0.002184569,0.8702693,1.793371
3.950027,0.002138476,0.8702115,2.134473
4.057561,0.002134358,0.8699496,2.505887
4.162302,0.002086824,0.8702528,2.990395
4.262489,0.002195445,0.8696257,3.42743
4.365942,0.00188192,0.8703505,3.89354
4.468024,0.001785652,0.8712973,4.39091
4.568845,0.00173766,0.8701915,4.917439
4.67679,0.001674287,0.8695912,5.474303
4.777646,0.001674363,0.8713533,6.061875
4.881162,0.001665941,0.870817,6.804812
4.98523,0.001600414,0.8690394,7.457448
5.090933,0.001580072,0.8719098,8.140785
5.196006,0.001543626,0.8710526,8.851768
5.302097,0.001574599,0.8702582,9.745259
5.409434,0.0006287873,0.8700145,10.52321
5.5128,0.0006030789,0.8712282,11.33175
5.613441,0.001970841,0.8696458,12.16797
5.719278,0.0004071905,0.8696054,13.03653
5.826638,6.430768E-05,0.8705173,14.11582
5.931091,-0.0002911203,0.8714439,15.04733
6.036258,-0.000833613,0.871092,16.01061
6.140399,-0.001403383,0.8700928,17.20424
6.245265,-0.001558293,0.8706591,18.23452
6.350814,-0.002009031,0.870019,19.29121
6.456241,-0.002241909,0.8723673,20.37702
6.561417,-0.00238064,0.8701266,21.72104
6.665653,-0.002416902,0.8715289,22.87534
6.771198,-0.002504597,0.8718256,24.05716
6.876754,-0.002546151,0.8716012,25.26778
6.977222,-0.002655344,0.8703561,26.51269
7.081276,0.01052848,0.8698241,28.03829
7.181385,0.04437463,0.8694255,29.33841
7.285154,0.09097368,0.8688044,30.67101
7.386104,0.1458095,0.8705061,32.03585
7.492198,0.2125331,0.869877,33.42827
7.597685,0.2883617,0.8721026,34.84989
7.703881,0.3909503,0.8718701,36.59148
7.804231,0.480377,0.8703473,38.07703
7.908176,0.5929614,0.8720345,39.58638
8.013777,0.7427804,0.8701028,41.11518
8.119006,0.9317409,0.8686233,42.65796
8.223264,1.226406,0.8677751,44.51561
8.329138,1.555359,0.8843814,46.0625
8.435437,1.938192,0.8932797,47.59789
8.537293,2.155263,0.9079787,48.9017
8.639033,2.209094,0.9222924,49.97184
8.739469,2.268553,0.9050188,51.02484
8.840221,2.415405,0.8635303,52.25354
8.948977,2.629672,0.8771795,53.2398
9.05111,2.748425,0.8902422,54.13256
9.157172,2.808774,0.8946165,54.93535
9.263359,2.817135,0.9361118,55.76551
9.363981,2.828256,0.9604534,56.38911
9.464007,2.824787,0.9492058,56.98193
9.564493,2.817556,0.8971837,57.56504
9.664845,2.819435,0.867196,58.08899
9.766765,2.804989,0.8707314,58.52928
9.874931,2.756913,0.8746997,58.92305
9.980601,2.68186,0.8631969,59.3648
10.08661,2.598378,0.8683033,59.68621
10.18679,2.494943,0.8675149,59.98156
10.29498,2.373462,0.8672587,60.24744
10.39681,2.252939,0.867595,60.48686
10.49848,2.139043,0.8684472,60.7011
10.60155,2.012213,0.8691739,60.92941
10.70907,1.91038,0.869492,61.10855
10.81532,1.812703,0.869409,61.28428
10.92105,1.699041,0.8683833,61.50462
11.0276,1.597434,0.8672659,61.71564
11.13554,1.494722,0.8645635,61.95039
11.24413,1.354948,0.8647916,62.27111
11.34524,1.225314,0.8646501,62.56634
11.44646,1.074804,0.8639827,62.88496
11.54704,0.9067661,0.8667947,63.22609
11.65564,0.7131355,0.8673147,63.58843
11.75631,0.4966687,0.8637834,63.97188
11.85704,0.2530639,0.8646271,64.37286
11.96366,-0.07583924,0.8658389,64.87584
12.07233,-0.3822,0.8642107,65.30823
12.17412,-0.7251836,0.8666542,65.75327
12.28096,-1.178144,0.8646598,66.29988
12.3864,-1.597515,0.8675764,66.76288
12.493,-2.051705,0.8670603,67.22839
12.59805,-2.545144,0.8671691,67.69499
12.70023,-3.189231,0.8661007,68.24903
12.80645,-3.772887,0.8678449,68.70318
12.90821,-4.393559,0.8675344,69.1451
13.01022,-5.059739,0.870932,69.56906
13.112,-5.509072,0.9156992,69.98254
13.21257,-5.629223,0.9671004,70.38636
13.31349,-5.621667,0.9868521,70.74725
13.41494,-5.462329,0.9751873,71.05823
13.51586,-5.345371,0.9172373,71.37379
13.6191,-5.245235,0.8586985,71.66103
13.72527,-5.187077,0.8609803,71.89291
13.83421,-5.174995,0.8782494,72.01348
13.93845,-5.16801,0.8843374,72.08808
14.03918,-5.139936,0.8688097,72.14309
14.1454,-5.101229,0.8602511,72.17435
14.2472,-5.063725,0.8615313,72.20274
14.35413,-5.021012,0.8649039,72.23849
14.45861,-4.963789,0.8689572,72.28909
14.56079,-4.873413,0.8691367,72.37701
14.66873,-4.777377,0.8703365,72.47706
14.77531,-4.665624,0.8702447,72.60108
14.87826,-4.534209,0.869557,72.74738
14.98191,-4.350626,0.8698019,72.95271
15.08458,-4.179164,0.8702031,73.15028
15.19089,-3.993049,0.8701128,73.37458
15.29342,-3.793066,0.8699931,73.62471
15.39984,-3.58109,0.8698012,73.90331
15.50202,-3.305022,0.8699647,74.27162
15.60373,-3.054341,0.8698177,74.60518
15.70751,-2.782164,0.8703334,74.95992
15.81219,-2.497926,0.8702608,75.34169
15.9159,-2.202161,0.8726529,75.75051
16.01898,-1.899487,0.8697727,76.19083
16.12155,-1.549026,0.8695239,76.76714
16.22486,-1.265933,0.8677944,77.28575
16.32627,-0.9904618,0.8674868,77.8399
16.43312,-0.7271541,0.8682125,78.43407
16.5381,-0.4619086,0.867439,79.06307
16.6436,-0.1329019,0.8694113,79.85734
16.75087,0.1340392,0.8705022,80.55416
16.85413,0.4027853,0.8714781,81.28484
16.95551,0.6755502,0.8698201,82.04361
17.06137,1.006823,0.8706147,82.99536
17.16773,1.286249,0.871563,83.82177
17.27393,1.566511,0.8685614,84.67796
17.38035,1.902502,0.8727624,85.74742
17.48687,2.172258,0.8685021,86.67081
17.59402,2.434411,0.8728554,87.63074
17.69926,2.673127,0.8662288,88.61745
17.80695,2.920477,0.8682564,89.84287
17.91613,3.093401,0.8689628,90.90334
18.02531,3.251016,0.8680649,92.21643
18.13279,3.340567,0.8671297,93.34441
18.23944,3.394315,0.8674679,94.50497
18.34614,3.403166,0.8686165,95.93291
18.45356,3.371263,0.8703438,97.15518
18.55913,3.301241,0.8670294,98.3991
18.66428,3.164031,0.8697223,99.92968
18.77069,3.008282,0.8666203,101.2269
18.87669,2.825461,0.8668471,102.5573
18.98111,2.606002,0.8707896,104.1984
19.08524,2.433334,0.8727424,105.5849
19.1919,2.302803,0.8689616,106.993
19.30057,2.155322,0.8658203,108.7282
19.40539,2.052153,0.8726643,110.2138
19.51337,1.964995,0.8699489,111.7255
19.61779,1.890408,0.8712239,113.2696
19.72211,1.814012,0.8708396,115.1646
19.82837,1.749634,0.8707247,116.7751
19.93176,1.667057,0.8722697,118.409
20.03805,1.551028,0.8684539,120.0625
20.14285,1.383611,0.8705295,122.0898
20.2502,1.218408,0.8698704,123.8102
20.35601,1.018103,0.8673924,125.5482
20.46145,0.7124612,0.8684831,127.6542
20.56661,0.4014415,0.8668414,129.4133
20.67206,0.02355433,0.8716353,131.17
20.77642,-0.4060748,0.8681653,132.9176
20.8823,-1.019563,0.8769752,134.9949
20.98809,-1.598454,0.884047,136.7048
21.09226,-1.369717,1.06084,137.5802
21.19335,-1.075379,1.171408,138.3969
21.29904,-0.7733759,1.188674,139.2168
21.40248,-0.4600625,1.148149,140.1796
21.51233,-0.2208725,1.071465,140.9346
21.61239,0.003551517,1.024581,141.7741
21.71292,0.2032085,0.9223607,142.5757
21.81445,0.4347258,0.8440732,143.3035
21.9201,0.6822961,0.863049,144.0755
22.02037,0.8892213,0.8754292,144.6756
22.12377,1.070122,0.8672262,145.2528
22.22908,1.190372,0.879823,145.7794
22.32943,1.279166,0.8882053,146.2632
22.43079,1.321752,0.8850757,146.7059
22.53082,1.329773,0.8764309,147.0997
22.63573,1.296665,0.8671499,147.4387
22.74089,1.205925,0.8678168,147.7624
22.8453,1.123856,0.8678629,147.972
22.94994,1.041185,0.8682125,148.1542
23.05353,0.9556066,0.8683717,148.3351
23.15741,0.8694049,0.868178,148.5166
23.26152,0.7666128,0.8676638,148.7339
23.366,0.6819385,0.8673019,148.9146
23.47101,0.5981697,0.8671415,149.0952
23.57413,0.5151501,0.8671615,149.2759
23.67719,0.4326766,0.8672681,149.4568
23.78138,0.3341502,0.8673934,149.6741
23.88812,0.2527356,0.8674498,149.8555
23.99439,0.1755435,0.8674707,150.0385
24.10088,0.08876888,0.8673781,150.264
24.2061,0.01856505,0.8668671,150.4663
24.308,-0.05730796,0.8656332,150.6863
24.41382,-0.1410186,0.8649291,150.9333
24.51989,-0.2356902,0.863818,151.2073
24.62021,-0.3663678,0.8646206,151.5689
24.72469,-0.4974067,0.8648231,151.8971
24.82481,-0.6486707,0.8644518,152.2484
24.93003,-0.820242,0.8648154,152.6228
25.03658,-1.015479,0.8642472,153.0185
25.13856,-1.240847,0.8649143,153.4289
25.23887,-1.498798,0.8661411,153.8426
25.34383,-1.848947,0.8670381,154.3259
